record_type,package_name,version_or_revision,license_expression,dependency_scope,lock_path,dev,optional,in_bundle,public_resolved_url,resolved_url_status,evidence,review_note
npm-lock,@alloc/quick-lru,5.2.0,MIT,transitive,node_modules/@alloc/quick-lru,true,false,false,https://registry.npmjs.org/@alloc/quick-lru/-/quick-lru-5.2.0.tgz,public_recorded,cutnote/package-lock.json#packages/node_modules/@alloc/quick-lru,License and flags are package-lock declarations; distributed package license texts were not inspected.
npm-lock,@babel/code-frame,7.29.0,MIT,transitive,node_modules/@babel/code-frame,true,false,false,https://registry.npmjs.org/@babel/code-frame/-/code-frame-7.29.0.tgz,public_recorded,cutnote/package-lock.json#packages/node_modules/@babel/code-frame,License and flags are package-lock declarations; distributed package license texts were not inspected.
npm-lock,@babel/compat-data,7.29.3,MIT,transitive,node_modules/@babel/compat-data,true,false,false,https://registry.npmjs.org/@babel/compat-data/-/compat-data-7.29.3.tgz,public_recorded,cutnote/package-lock.json#packages/node_modules/@babel/compat-data,License and flags are package-lock declarations; distributed package license texts were not inspected.
npm-lock,@babel/core,7.29.0,MIT,transitive,node_modules/@babel/core,true,false,false,https://registry.npmjs.org/@babel/core/-/core-7.29.0.tgz,public_recorded,cutnote/package-lock.json#packages/node_modules/@babel/core,License and flags are package-lock declarations; distributed package license texts were not inspected.
npm-lock,@babel/generator,7.29.1,MIT,transitive,node_modules/@babel/generator,true,false,false,https://registry.npmjs.org/@babel/generator/-/generator-7.29.1.tgz,public_recorded,cutnote/package-lock.json#packages/node_modules/@babel/generator,License and flags are package-lock declarations; distributed package license texts were not inspected.
npm-lock,@babel/helper-compilation-targets,7.28.6,MIT,transitive,node_modules/@babel/helper-compilation-targets,true,false,false,https://registry.npmjs.org/@babel/helper-compilation-targets/-/helper-compilation-targets-7.28.6.tgz,public_recorded,cutnote/package-lock.json#packages/node_modules/@babel/helper-compilation-targets,License and flags are package-lock declarations; distributed package license texts were not inspected.
npm-lock,@babel/helper-globals,7.28.0,MIT,transitive,node_modules/@babel/helper-globals,true,false,false,https://registry.npmjs.org/@babel/helper-globals/-/helper-globals-7.28.0.tgz,public_recorded,cutnote/package-lock.json#packages/node_modules/@babel/helper-globals,License and flags are package-lock declarations; distributed package license texts were not inspected.
npm-lock,@babel/helper-module-imports,7.28.6,MIT,transitive,node_modules/@babel/helper-module-imports,true,false,false,https://registry.npmjs.org/@babel/helper-module-imports/-/helper-module-imports-7.28.6.tgz,public_recorded,cutnote/package-lock.json#packages/node_modules/@babel/helper-module-imports,License and flags are package-lock declarations; distributed package license texts were not inspected.
npm-lock,@babel/helper-module-transforms,7.28.6,MIT,transitive,node_modules/@babel/helper-module-transforms,true,false,false,https://registry.npmjs.org/@babel/helper-module-transforms/-/helper-module-transforms-7.28.6.tgz,public_recorded,cutnote/package-lock.json#packages/node_modules/@babel/helper-module-transforms,License and flags are package-lock declarations; distributed package license texts were not inspected.
npm-lock,@babel/helper-string-parser,7.27.1,MIT,transitive,node_modules/@babel/helper-string-parser,true,false,false,https://registry.npmjs.org/@babel/helper-string-parser/-/helper-string-parser-7.27.1.tgz,public_recorded,cutnote/package-lock.json#packages/node_modules/@babel/helper-string-parser,License and flags are package-lock declarations; distributed package license texts were not inspected.
npm-lock,@babel/helper-validator-identifier,7.28.5,MIT,transitive,node_modules/@babel/helper-validator-identifier,true,false,false,https://registry.npmjs.org/@babel/helper-validator-identifier/-/helper-validator-identifier-7.28.5.tgz,public_recorded,cutnote/package-lock.json#packages/node_modules/@babel/helper-validator-identifier,License and flags are package-lock declarations; distributed package license texts were not inspected.
npm-lock,@babel/helper-validator-option,7.27.1,MIT,transitive,node_modules/@babel/helper-validator-option,true,false,false,https://registry.npmjs.org/@babel/helper-validator-option/-/helper-validator-option-7.27.1.tgz,public_recorded,cutnote/package-lock.json#packages/node_modules/@babel/helper-validator-option,License and flags are package-lock declarations; distributed package license texts were not inspected.
npm-lock,@babel/helpers,7.29.2,MIT,transitive,node_modules/@babel/helpers,true,false,false,https://registry.npmjs.org/@babel/helpers/-/helpers-7.29.2.tgz,public_recorded,cutnote/package-lock.json#packages/node_modules/@babel/helpers,License and flags are package-lock declarations; distributed package license texts were not inspected.
npm-lock,@babel/parser,7.29.3,MIT,transitive,node_modules/@babel/parser,true,false,false,https://registry.npmjs.org/@babel/parser/-/parser-7.29.3.tgz,public_recorded,cutnote/package-lock.json#packages/node_modules/@babel/parser,License and flags are package-lock declarations; distributed package license texts were not inspected.
npm-lock,@babel/runtime,7.29.7,MIT,transitive,node_modules/@babel/runtime,false,false,false,https://registry.npmjs.org/@babel/runtime/-/runtime-7.29.7.tgz,public_recorded,cutnote/package-lock.json#packages/node_modules/@babel/runtime,License and flags are package-lock declarations; distributed package license texts were not inspected.
npm-lock,@babel/template,7.28.6,MIT,transitive,node_modules/@babel/template,true,false,false,https://registry.npmjs.org/@babel/template/-/template-7.28.6.tgz,public_recorded,cutnote/package-lock.json#packages/node_modules/@babel/template,License and flags are package-lock declarations; distributed package license texts were not inspected.
npm-lock,@babel/traverse,7.29.0,MIT,transitive,node_modules/@babel/traverse,true,false,false,https://registry.npmjs.org/@babel/traverse/-/traverse-7.29.0.tgz,public_recorded,cutnote/package-lock.json#packages/node_modules/@babel/traverse,License and flags are package-lock declarations; distributed package license texts were not inspected.
npm-lock,@babel/types,7.29.0,MIT,transitive,node_modules/@babel/types,true,false,false,https://registry.npmjs.org/@babel/types/-/types-7.29.0.tgz,public_recorded,cutnote/package-lock.json#packages/node_modules/@babel/types,License and flags are package-lock declarations; distributed package license texts were not inspected.
npm-lock,@base-ui/react,1.7.0,MIT,direct-runtime,node_modules/@base-ui/react,false,false,false,https://registry.npmjs.org/@base-ui/react/-/react-1.7.0.tgz,public_recorded,cutnote/package-lock.json#packages/node_modules/@base-ui/react,License and flags are package-lock declarations; distributed package license texts were not inspected.
npm-lock,@base-ui/utils,0.3.2,MIT,transitive,node_modules/@base-ui/utils,false,false,false,https://registry.npmjs.org/@base-ui/utils/-/utils-0.3.2.tgz,public_recorded,cutnote/package-lock.json#packages/node_modules/@base-ui/utils,License and flags are package-lock declarations; distributed package license texts were not inspected.
npm-lock,@cloudflare/kv-asset-handler,0.5.0,MIT OR Apache-2.0,transitive,node_modules/@cloudflare/kv-asset-handler,true,false,false,https://registry.npmjs.org/@cloudflare/kv-asset-handler/-/kv-asset-handler-0.5.0.tgz,public_recorded,cutnote/package-lock.json#packages/node_modules/@cloudflare/kv-asset-handler,License and flags are package-lock declarations; distributed package license texts were not inspected.
npm-lock,@cloudflare/unenv-preset,2.16.1,MIT OR Apache-2.0,transitive,node_modules/@cloudflare/unenv-preset,true,false,false,https://registry.npmjs.org/@cloudflare/unenv-preset/-/unenv-preset-2.16.1.tgz,public_recorded,cutnote/package-lock.json#packages/node_modules/@cloudflare/unenv-preset,License and flags are package-lock declarations; distributed package license texts were not inspected.
npm-lock,@cloudflare/vite-plugin,1.37.1,MIT,direct-dev,node_modules/@cloudflare/vite-plugin,true,false,false,https://registry.npmjs.org/@cloudflare/vite-plugin/-/vite-plugin-1.37.1.tgz,public_recorded,cutnote/package-lock.json#packages/node_modules/@cloudflare/vite-plugin,License and flags are package-lock declarations; distributed package license texts were not inspected.
npm-lock,@cloudflare/workerd-darwin-64,1.20260515.1,Apache-2.0,transitive,node_modules/@cloudflare/workerd-darwin-64,true,true,false,https://registry.npmjs.org/@cloudflare/workerd-darwin-64/-/workerd-darwin-64-1.20260515.1.tgz,public_recorded,cutnote/package-lock.json#packages/node_modules/@cloudflare/workerd-darwin-64,License and flags are package-lock declarations; distributed package license texts were not inspected.
npm-lock,@cloudflare/workerd-darwin-arm64,1.20260515.1,Apache-2.0,transitive,node_modules/@cloudflare/workerd-darwin-arm64,true,true,false,https://registry.npmjs.org/@cloudflare/workerd-darwin-arm64/-/workerd-darwin-arm64-1.20260515.1.tgz,public_recorded,cutnote/package-lock.json#packages/node_modules/@cloudflare/workerd-darwin-arm64,License and flags are package-lock declarations; distributed package license texts were not inspected.
npm-lock,@cloudflare/workerd-linux-64,1.20260515.1,Apache-2.0,transitive,node_modules/@cloudflare/workerd-linux-64,true,true,false,https://registry.npmjs.org/@cloudflare/workerd-linux-64/-/workerd-linux-64-1.20260515.1.tgz,public_recorded,cutnote/package-lock.json#packages/node_modules/@cloudflare/workerd-linux-64,License and flags are package-lock declarations; distributed package license texts were not inspected.
npm-lock,@cloudflare/workerd-linux-arm64,1.20260515.1,Apache-2.0,transitive,node_modules/@cloudflare/workerd-linux-arm64,true,true,false,https://registry.npmjs.org/@cloudflare/workerd-linux-arm64/-/workerd-linux-arm64-1.20260515.1.tgz,public_recorded,cutnote/package-lock.json#packages/node_modules/@cloudflare/workerd-linux-arm64,License and flags are package-lock declarations; distributed package license texts were not inspected.
npm-lock,@cloudflare/workerd-windows-64,1.20260515.1,Apache-2.0,transitive,node_modules/@cloudflare/workerd-windows-64,true,true,false,https://registry.npmjs.org/@cloudflare/workerd-windows-64/-/workerd-windows-64-1.20260515.1.tgz,public_recorded,cutnote/package-lock.json#packages/node_modules/@cloudflare/workerd-windows-64,License and flags are package-lock declarations; distributed package license texts were not inspected.
npm-lock,@cloudflare/workers-types,4.20260515.1,MIT OR Apache-2.0,direct-dev,node_modules/@cloudflare/workers-types,false,false,false,https://registry.npmjs.org/@cloudflare/workers-types/-/workers-types-4.20260515.1.tgz,public_recorded,cutnote/package-lock.json#packages/node_modules/@cloudflare/workers-types,License and flags are package-lock declarations; distributed package license texts were not inspected.
npm-lock,@cspotcode/source-map-support,0.8.1,MIT,transitive,node_modules/@cspotcode/source-map-support,true,false,false,https://registry.npmjs.org/@cspotcode/source-map-support/-/source-map-support-0.8.1.tgz,public_recorded,cutnote/package-lock.json#packages/node_modules/@cspotcode/source-map-support,License and flags are package-lock declarations; distributed package license texts were not inspected.
npm-lock,@jridgewell/trace-mapping,0.3.9,MIT,transitive,node_modules/@cspotcode/source-map-support/node_modules/@jridgewell/trace-mapping,true,false,false,https://registry.npmjs.org/@jridgewell/trace-mapping/-/trace-mapping-0.3.9.tgz,public_recorded,cutnote/package-lock.json#packages/node_modules/@cspotcode/source-map-support/node_modules/@jridgewell/trace-mapping,License and flags are package-lock declarations; distributed package license texts were not inspected.
npm-lock,@date-fns/tz,1.5.0,MIT,transitive,node_modules/@date-fns/tz,false,false,false,https://registry.npmjs.org/@date-fns/tz/-/tz-1.5.0.tgz,public_recorded,cutnote/package-lock.json#packages/node_modules/@date-fns/tz,License and flags are package-lock declarations; distributed package license texts were not inspected.
npm-lock,@drizzle-team/brocli,0.10.2,Apache-2.0,transitive,node_modules/@drizzle-team/brocli,true,false,false,https://registry.npmjs.org/@drizzle-team/brocli/-/brocli-0.10.2.tgz,public_recorded,cutnote/package-lock.json#packages/node_modules/@drizzle-team/brocli,License and flags are package-lock declarations; distributed package license texts were not inspected.
npm-lock,@emnapi/core,1.10.0,MIT,transitive,node_modules/@emnapi/core,true,true,false,https://registry.npmjs.org/@emnapi/core/-/core-1.10.0.tgz,public_recorded,cutnote/package-lock.json#packages/node_modules/@emnapi/core,License and flags are package-lock declarations; distributed package license texts were not inspected.
npm-lock,@emnapi/runtime,1.10.0,MIT,transitive,node_modules/@emnapi/runtime,true,true,false,https://registry.npmjs.org/@emnapi/runtime/-/runtime-1.10.0.tgz,public_recorded,cutnote/package-lock.json#packages/node_modules/@emnapi/runtime,License and flags are package-lock declarations; distributed package license texts were not inspected.
npm-lock,@emnapi/wasi-threads,1.2.1,MIT,transitive,node_modules/@emnapi/wasi-threads,true,true,false,https://registry.npmjs.org/@emnapi/wasi-threads/-/wasi-threads-1.2.1.tgz,public_recorded,cutnote/package-lock.json#packages/node_modules/@emnapi/wasi-threads,License and flags are package-lock declarations; distributed package license texts were not inspected.
npm-lock,@esbuild-kit/core-utils,3.3.2,MIT,transitive,node_modules/@esbuild-kit/core-utils,true,false,false,https://registry.npmjs.org/@esbuild-kit/core-utils/-/core-utils-3.3.2.tgz,public_recorded,cutnote/package-lock.json#packages/node_modules/@esbuild-kit/core-utils,License and flags are package-lock declarations; distributed package license texts were not inspected.
npm-lock,@esbuild/android-arm,0.18.20,MIT,transitive,node_modules/@esbuild-kit/core-utils/node_modules/@esbuild/android-arm,true,true,false,https://registry.npmjs.org/@esbuild/android-arm/-/android-arm-0.18.20.tgz,public_recorded,cutnote/package-lock.json#packages/node_modules/@esbuild-kit/core-utils/node_modules/@esbuild/android-arm,License and flags are package-lock declarations; distributed package license texts were not inspected.
npm-lock,@esbuild/android-arm64,0.18.20,MIT,transitive,node_modules/@esbuild-kit/core-utils/node_modules/@esbuild/android-arm64,true,true,false,https://registry.npmjs.org/@esbuild/android-arm64/-/android-arm64-0.18.20.tgz,public_recorded,cutnote/package-lock.json#packages/node_modules/@esbuild-kit/core-utils/node_modules/@esbuild/android-arm64,License and flags are package-lock declarations; distributed package license texts were not inspected.
npm-lock,@esbuild/android-x64,0.18.20,MIT,transitive,node_modules/@esbuild-kit/core-utils/node_modules/@esbuild/android-x64,true,true,false,https://registry.npmjs.org/@esbuild/android-x64/-/android-x64-0.18.20.tgz,public_recorded,cutnote/package-lock.json#packages/node_modules/@esbuild-kit/core-utils/node_modules/@esbuild/android-x64,License and flags are package-lock declarations; distributed package license texts were not inspected.
npm-lock,@esbuild/darwin-arm64,0.18.20,MIT,transitive,node_modules/@esbuild-kit/core-utils/node_modules/@esbuild/darwin-arm64,true,true,false,https://registry.npmjs.org/@esbuild/darwin-arm64/-/darwin-arm64-0.18.20.tgz,public_recorded,cutnote/package-lock.json#packages/node_modules/@esbuild-kit/core-utils/node_modules/@esbuild/darwin-arm64,License and flags are package-lock declarations; distributed package license texts were not inspected.
npm-lock,@esbuild/darwin-x64,0.18.20,MIT,transitive,node_modules/@esbuild-kit/core-utils/node_modules/@esbuild/darwin-x64,true,true,false,https://registry.npmjs.org/@esbuild/darwin-x64/-/darwin-x64-0.18.20.tgz,public_recorded,cutnote/package-lock.json#packages/node_modules/@esbuild-kit/core-utils/node_modules/@esbuild/darwin-x64,License and flags are package-lock declarations; distributed package license texts were not inspected.
npm-lock,@esbuild/freebsd-arm64,0.18.20,MIT,transitive,node_modules/@esbuild-kit/core-utils/node_modules/@esbuild/freebsd-arm64,true,true,false,https://registry.npmjs.org/@esbuild/freebsd-arm64/-/freebsd-arm64-0.18.20.tgz,public_recorded,cutnote/package-lock.json#packages/node_modules/@esbuild-kit/core-utils/node_modules/@esbuild/freebsd-arm64,License and flags are package-lock declarations; distributed package license texts were not inspected.
npm-lock,@esbuild/freebsd-x64,0.18.20,MIT,transitive,node_modules/@esbuild-kit/core-utils/node_modules/@esbuild/freebsd-x64,true,true,false,https://registry.npmjs.org/@esbuild/freebsd-x64/-/freebsd-x64-0.18.20.tgz,public_recorded,cutnote/package-lock.json#packages/node_modules/@esbuild-kit/core-utils/node_modules/@esbuild/freebsd-x64,License and flags are package-lock declarations; distributed package license texts were not inspected.
npm-lock,@esbuild/linux-arm,0.18.20,MIT,transitive,node_modules/@esbuild-kit/core-utils/node_modules/@esbuild/linux-arm,true,true,false,https://registry.npmjs.org/@esbuild/linux-arm/-/linux-arm-0.18.20.tgz,public_recorded,cutnote/package-lock.json#packages/node_modules/@esbuild-kit/core-utils/node_modules/@esbuild/linux-arm,License and flags are package-lock declarations; distributed package license texts were not inspected.
npm-lock,@esbuild/linux-arm64,0.18.20,MIT,transitive,node_modules/@esbuild-kit/core-utils/node_modules/@esbuild/linux-arm64,true,true,false,https://registry.npmjs.org/@esbuild/linux-arm64/-/linux-arm64-0.18.20.tgz,public_recorded,cutnote/package-lock.json#packages/node_modules/@esbuild-kit/core-utils/node_modules/@esbuild/linux-arm64,License and flags are package-lock declarations; distributed package license texts were not inspected.
npm-lock,@esbuild/linux-ia32,0.18.20,MIT,transitive,node_modules/@esbuild-kit/core-utils/node_modules/@esbuild/linux-ia32,true,true,false,https://registry.npmjs.org/@esbuild/linux-ia32/-/linux-ia32-0.18.20.tgz,public_recorded,cutnote/package-lock.json#packages/node_modules/@esbuild-kit/core-utils/node_modules/@esbuild/linux-ia32,License and flags are package-lock declarations; distributed package license texts were not inspected.
npm-lock,@esbuild/linux-loong64,0.18.20,MIT,transitive,node_modules/@esbuild-kit/core-utils/node_modules/@esbuild/linux-loong64,true,true,false,https://registry.npmjs.org/@esbuild/linux-loong64/-/linux-loong64-0.18.20.tgz,public_recorded,cutnote/package-lock.json#packages/node_modules/@esbuild-kit/core-utils/node_modules/@esbuild/linux-loong64,License and flags are package-lock declarations; distributed package license texts were not inspected.
npm-lock,@esbuild/linux-mips64el,0.18.20,MIT,transitive,node_modules/@esbuild-kit/core-utils/node_modules/@esbuild/linux-mips64el,true,true,false,https://registry.npmjs.org/@esbuild/linux-mips64el/-/linux-mips64el-0.18.20.tgz,public_recorded,cutnote/package-lock.json#packages/node_modules/@esbuild-kit/core-utils/node_modules/@esbuild/linux-mips64el,License and flags are package-lock declarations; distributed package license texts were not inspected.
npm-lock,@esbuild/linux-ppc64,0.18.20,MIT,transitive,node_modules/@esbuild-kit/core-utils/node_modules/@esbuild/linux-ppc64,true,true,false,https://registry.npmjs.org/@esbuild/linux-ppc64/-/linux-ppc64-0.18.20.tgz,public_recorded,cutnote/package-lock.json#packages/node_modules/@esbuild-kit/core-utils/node_modules/@esbuild/linux-ppc64,License and flags are package-lock declarations; distributed package license texts were not inspected.
npm-lock,@esbuild/linux-riscv64,0.18.20,MIT,transitive,node_modules/@esbuild-kit/core-utils/node_modules/@esbuild/linux-riscv64,true,true,false,https://registry.npmjs.org/@esbuild/linux-riscv64/-/linux-riscv64-0.18.20.tgz,public_recorded,cutnote/package-lock.json#packages/node_modules/@esbuild-kit/core-utils/node_modules/@esbuild/linux-riscv64,License and flags are package-lock declarations; distributed package license texts were not inspected.
npm-lock,@esbuild/linux-s390x,0.18.20,MIT,transitive,node_modules/@esbuild-kit/core-utils/node_modules/@esbuild/linux-s390x,true,true,false,https://registry.npmjs.org/@esbuild/linux-s390x/-/linux-s390x-0.18.20.tgz,public_recorded,cutnote/package-lock.json#packages/node_modules/@esbuild-kit/core-utils/node_modules/@esbuild/linux-s390x,License and flags are package-lock declarations; distributed package license texts were not inspected.
npm-lock,@esbuild/linux-x64,0.18.20,MIT,transitive,node_modules/@esbuild-kit/core-utils/node_modules/@esbuild/linux-x64,true,true,false,https://registry.npmjs.org/@esbuild/linux-x64/-/linux-x64-0.18.20.tgz,public_recorded,cutnote/package-lock.json#packages/node_modules/@esbuild-kit/core-utils/node_modules/@esbuild/linux-x64,License and flags are package-lock declarations; distributed package license texts were not inspected.
npm-lock,@esbuild/netbsd-x64,0.18.20,MIT,transitive,node_modules/@esbuild-kit/core-utils/node_modules/@esbuild/netbsd-x64,true,true,false,https://registry.npmjs.org/@esbuild/netbsd-x64/-/netbsd-x64-0.18.20.tgz,public_recorded,cutnote/package-lock.json#packages/node_modules/@esbuild-kit/core-utils/node_modules/@esbuild/netbsd-x64,License and flags are package-lock declarations; distributed package license texts were not inspected.
npm-lock,@esbuild/openbsd-x64,0.18.20,MIT,transitive,node_modules/@esbuild-kit/core-utils/node_modules/@esbuild/openbsd-x64,true,true,false,https://registry.npmjs.org/@esbuild/openbsd-x64/-/openbsd-x64-0.18.20.tgz,public_recorded,cutnote/package-lock.json#packages/node_modules/@esbuild-kit/core-utils/node_modules/@esbuild/openbsd-x64,License and flags are package-lock declarations; distributed package license texts were not inspected.
npm-lock,@esbuild/sunos-x64,0.18.20,MIT,transitive,node_modules/@esbuild-kit/core-utils/node_modules/@esbuild/sunos-x64,true,true,false,https://registry.npmjs.org/@esbuild/sunos-x64/-/sunos-x64-0.18.20.tgz,public_recorded,cutnote/package-lock.json#packages/node_modules/@esbuild-kit/core-utils/node_modules/@esbuild/sunos-x64,License and flags are package-lock declarations; distributed package license texts were not inspected.
npm-lock,@esbuild/win32-arm64,0.18.20,MIT,transitive,node_modules/@esbuild-kit/core-utils/node_modules/@esbuild/win32-arm64,true,true,false,https://registry.npmjs.org/@esbuild/win32-arm64/-/win32-arm64-0.18.20.tgz,public_recorded,cutnote/package-lock.json#packages/node_modules/@esbuild-kit/core-utils/node_modules/@esbuild/win32-arm64,License and flags are package-lock declarations; distributed package license texts were not inspected.
npm-lock,@esbuild/win32-ia32,0.18.20,MIT,transitive,node_modules/@esbuild-kit/core-utils/node_modules/@esbuild/win32-ia32,true,true,false,https://registry.npmjs.org/@esbuild/win32-ia32/-/win32-ia32-0.18.20.tgz,public_recorded,cutnote/package-lock.json#packages/node_modules/@esbuild-kit/core-utils/node_modules/@esbuild/win32-ia32,License and flags are package-lock declarations; distributed package license texts were not inspected.
npm-lock,@esbuild/win32-x64,0.18.20,MIT,transitive,node_modules/@esbuild-kit/core-utils/node_modules/@esbuild/win32-x64,true,true,false,https://registry.npmjs.org/@esbuild/win32-x64/-/win32-x64-0.18.20.tgz,public_recorded,cutnote/package-lock.json#packages/node_modules/@esbuild-kit/core-utils/node_modules/@esbuild/win32-x64,License and flags are package-lock declarations; distributed package license texts were not inspected.
npm-lock,esbuild,0.18.20,MIT,transitive,node_modules/@esbuild-kit/core-utils/node_modules/esbuild,true,false,false,https://registry.npmjs.org/esbuild/-/esbuild-0.18.20.tgz,public_recorded,cutnote/package-lock.json#packages/node_modules/@esbuild-kit/core-utils/node_modules/esbuild,License and flags are package-lock declarations; distributed package license texts were not inspected.
npm-lock,@esbuild-kit/esm-loader,2.6.5,MIT,transitive,node_modules/@esbuild-kit/esm-loader,true,false,false,https://registry.npmjs.org/@esbuild-kit/esm-loader/-/esm-loader-2.6.5.tgz,public_recorded,cutnote/package-lock.json#packages/node_modules/@esbuild-kit/esm-loader,License and flags are package-lock declarations; distributed package license texts were not inspected.
npm-lock,@esbuild/aix-ppc64,0.28.0,MIT,transitive,node_modules/@esbuild/aix-ppc64,true,true,false,https://registry.npmjs.org/@esbuild/aix-ppc64/-/aix-ppc64-0.28.0.tgz,public_recorded,cutnote/package-lock.json#packages/node_modules/@esbuild/aix-ppc64,License and flags are package-lock declarations; distributed package license texts were not inspected.
npm-lock,@esbuild/android-arm,0.28.0,MIT,transitive,node_modules/@esbuild/android-arm,true,true,false,https://registry.npmjs.org/@esbuild/android-arm/-/android-arm-0.28.0.tgz,public_recorded,cutnote/package-lock.json#packages/node_modules/@esbuild/android-arm,License and flags are package-lock declarations; distributed package license texts were not inspected.
npm-lock,@esbuild/android-arm64,0.28.0,MIT,transitive,node_modules/@esbuild/android-arm64,true,true,false,https://registry.npmjs.org/@esbuild/android-arm64/-/android-arm64-0.28.0.tgz,public_recorded,cutnote/package-lock.json#packages/node_modules/@esbuild/android-arm64,License and flags are package-lock declarations; distributed package license texts were not inspected.
npm-lock,@esbuild/android-x64,0.28.0,MIT,transitive,node_modules/@esbuild/android-x64,true,true,false,https://registry.npmjs.org/@esbuild/android-x64/-/android-x64-0.28.0.tgz,public_recorded,cutnote/package-lock.json#packages/node_modules/@esbuild/android-x64,License and flags are package-lock declarations; distributed package license texts were not inspected.
npm-lock,@esbuild/darwin-arm64,0.28.0,MIT,transitive,node_modules/@esbuild/darwin-arm64,true,true,false,https://registry.npmjs.org/@esbuild/darwin-arm64/-/darwin-arm64-0.28.0.tgz,public_recorded,cutnote/package-lock.json#packages/node_modules/@esbuild/darwin-arm64,License and flags are package-lock declarations; distributed package license texts were not inspected.
npm-lock,@esbuild/darwin-x64,0.28.0,MIT,transitive,node_modules/@esbuild/darwin-x64,true,true,false,https://registry.npmjs.org/@esbuild/darwin-x64/-/darwin-x64-0.28.0.tgz,public_recorded,cutnote/package-lock.json#packages/node_modules/@esbuild/darwin-x64,License and flags are package-lock declarations; distributed package license texts were not inspected.
npm-lock,@esbuild/freebsd-arm64,0.28.0,MIT,transitive,node_modules/@esbuild/freebsd-arm64,true,true,false,https://registry.npmjs.org/@esbuild/freebsd-arm64/-/freebsd-arm64-0.28.0.tgz,public_recorded,cutnote/package-lock.json#packages/node_modules/@esbuild/freebsd-arm64,License and flags are package-lock declarations; distributed package license texts were not inspected.
npm-lock,@esbuild/freebsd-x64,0.28.0,MIT,transitive,node_modules/@esbuild/freebsd-x64,true,true,false,https://registry.npmjs.org/@esbuild/freebsd-x64/-/freebsd-x64-0.28.0.tgz,public_recorded,cutnote/package-lock.json#packages/node_modules/@esbuild/freebsd-x64,License and flags are package-lock declarations; distributed package license texts were not inspected.
npm-lock,@esbuild/linux-arm,0.28.0,MIT,transitive,node_modules/@esbuild/linux-arm,true,true,false,https://registry.npmjs.org/@esbuild/linux-arm/-/linux-arm-0.28.0.tgz,public_recorded,cutnote/package-lock.json#packages/node_modules/@esbuild/linux-arm,License and flags are package-lock declarations; distributed package license texts were not inspected.
npm-lock,@esbuild/linux-arm64,0.28.0,MIT,transitive,node_modules/@esbuild/linux-arm64,true,true,false,https://registry.npmjs.org/@esbuild/linux-arm64/-/linux-arm64-0.28.0.tgz,public_recorded,cutnote/package-lock.json#packages/node_modules/@esbuild/linux-arm64,License and flags are package-lock declarations; distributed package license texts were not inspected.
npm-lock,@esbuild/linux-ia32,0.28.0,MIT,transitive,node_modules/@esbuild/linux-ia32,true,true,false,https://registry.npmjs.org/@esbuild/linux-ia32/-/linux-ia32-0.28.0.tgz,public_recorded,cutnote/package-lock.json#packages/node_modules/@esbuild/linux-ia32,License and flags are package-lock declarations; distributed package license texts were not inspected.
npm-lock,@esbuild/linux-loong64,0.28.0,MIT,transitive,node_modules/@esbuild/linux-loong64,true,true,false,https://registry.npmjs.org/@esbuild/linux-loong64/-/linux-loong64-0.28.0.tgz,public_recorded,cutnote/package-lock.json#packages/node_modules/@esbuild/linux-loong64,License and flags are package-lock declarations; distributed package license texts were not inspected.
npm-lock,@esbuild/linux-mips64el,0.28.0,MIT,transitive,node_modules/@esbuild/linux-mips64el,true,true,false,https://registry.npmjs.org/@esbuild/linux-mips64el/-/linux-mips64el-0.28.0.tgz,public_recorded,cutnote/package-lock.json#packages/node_modules/@esbuild/linux-mips64el,License and flags are package-lock declarations; distributed package license texts were not inspected.
npm-lock,@esbuild/linux-ppc64,0.28.0,MIT,transitive,node_modules/@esbuild/linux-ppc64,true,true,false,https://registry.npmjs.org/@esbuild/linux-ppc64/-/linux-ppc64-0.28.0.tgz,public_recorded,cutnote/package-lock.json#packages/node_modules/@esbuild/linux-ppc64,License and flags are package-lock declarations; distributed package license texts were not inspected.
npm-lock,@esbuild/linux-riscv64,0.28.0,MIT,transitive,node_modules/@esbuild/linux-riscv64,true,true,false,https://registry.npmjs.org/@esbuild/linux-riscv64/-/linux-riscv64-0.28.0.tgz,public_recorded,cutnote/package-lock.json#packages/node_modules/@esbuild/linux-riscv64,License and flags are package-lock declarations; distributed package license texts were not inspected.
npm-lock,@esbuild/linux-s390x,0.28.0,MIT,transitive,node_modules/@esbuild/linux-s390x,true,true,false,https://registry.npmjs.org/@esbuild/linux-s390x/-/linux-s390x-0.28.0.tgz,public_recorded,cutnote/package-lock.json#packages/node_modules/@esbuild/linux-s390x,License and flags are package-lock declarations; distributed package license texts were not inspected.
npm-lock,@esbuild/linux-x64,0.28.0,MIT,transitive,node_modules/@esbuild/linux-x64,true,true,false,https://registry.npmjs.org/@esbuild/linux-x64/-/linux-x64-0.28.0.tgz,public_recorded,cutnote/package-lock.json#packages/node_modules/@esbuild/linux-x64,License and flags are package-lock declarations; distributed package license texts were not inspected.
npm-lock,@esbuild/netbsd-arm64,0.28.0,MIT,transitive,node_modules/@esbuild/netbsd-arm64,true,true,false,https://registry.npmjs.org/@esbuild/netbsd-arm64/-/netbsd-arm64-0.28.0.tgz,public_recorded,cutnote/package-lock.json#packages/node_modules/@esbuild/netbsd-arm64,License and flags are package-lock declarations; distributed package license texts were not inspected.
npm-lock,@esbuild/netbsd-x64,0.28.0,MIT,transitive,node_modules/@esbuild/netbsd-x64,true,true,false,https://registry.npmjs.org/@esbuild/netbsd-x64/-/netbsd-x64-0.28.0.tgz,public_recorded,cutnote/package-lock.json#packages/node_modules/@esbuild/netbsd-x64,License and flags are package-lock declarations; distributed package license texts were not inspected.
npm-lock,@esbuild/openbsd-arm64,0.28.0,MIT,transitive,node_modules/@esbuild/openbsd-arm64,true,true,false,https://registry.npmjs.org/@esbuild/openbsd-arm64/-/openbsd-arm64-0.28.0.tgz,public_recorded,cutnote/package-lock.json#packages/node_modules/@esbuild/openbsd-arm64,License and flags are package-lock declarations; distributed package license texts were not inspected.
npm-lock,@esbuild/openbsd-x64,0.28.0,MIT,transitive,node_modules/@esbuild/openbsd-x64,true,true,false,https://registry.npmjs.org/@esbuild/openbsd-x64/-/openbsd-x64-0.28.0.tgz,public_recorded,cutnote/package-lock.json#packages/node_modules/@esbuild/openbsd-x64,License and flags are package-lock declarations; distributed package license texts were not inspected.
npm-lock,@esbuild/openharmony-arm64,0.28.0,MIT,transitive,node_modules/@esbuild/openharmony-arm64,true,true,false,https://registry.npmjs.org/@esbuild/openharmony-arm64/-/openharmony-arm64-0.28.0.tgz,public_recorded,cutnote/package-lock.json#packages/node_modules/@esbuild/openharmony-arm64,License and flags are package-lock declarations; distributed package license texts were not inspected.
npm-lock,@esbuild/sunos-x64,0.28.0,MIT,transitive,node_modules/@esbuild/sunos-x64,true,true,false,https://registry.npmjs.org/@esbuild/sunos-x64/-/sunos-x64-0.28.0.tgz,public_recorded,cutnote/package-lock.json#packages/node_modules/@esbuild/sunos-x64,License and flags are package-lock declarations; distributed package license texts were not inspected.
npm-lock,@esbuild/win32-arm64,0.28.0,MIT,transitive,node_modules/@esbuild/win32-arm64,true,true,false,https://registry.npmjs.org/@esbuild/win32-arm64/-/win32-arm64-0.28.0.tgz,public_recorded,cutnote/package-lock.json#packages/node_modules/@esbuild/win32-arm64,License and flags are package-lock declarations; distributed package license texts were not inspected.
npm-lock,@esbuild/win32-ia32,0.28.0,MIT,transitive,node_modules/@esbuild/win32-ia32,true,true,false,https://registry.npmjs.org/@esbuild/win32-ia32/-/win32-ia32-0.28.0.tgz,public_recorded,cutnote/package-lock.json#packages/node_modules/@esbuild/win32-ia32,License and flags are package-lock declarations; distributed package license texts were not inspected.
npm-lock,@esbuild/win32-x64,0.28.0,MIT,transitive,node_modules/@esbuild/win32-x64,true,true,false,https://registry.npmjs.org/@esbuild/win32-x64/-/win32-x64-0.28.0.tgz,public_recorded,cutnote/package-lock.json#packages/node_modules/@esbuild/win32-x64,License and flags are package-lock declarations; distributed package license texts were not inspected.
npm-lock,@eslint-community/eslint-utils,4.9.1,MIT,transitive,node_modules/@eslint-community/eslint-utils,true,false,false,https://registry.npmjs.org/@eslint-community/eslint-utils/-/eslint-utils-4.9.1.tgz,public_recorded,cutnote/package-lock.json#packages/node_modules/@eslint-community/eslint-utils,License and flags are package-lock declarations; distributed package license texts were not inspected.
npm-lock,eslint-visitor-keys,3.4.3,Apache-2.0,transitive,node_modules/@eslint-community/eslint-utils/node_modules/eslint-visitor-keys,true,false,false,https://registry.npmjs.org/eslint-visitor-keys/-/eslint-visitor-keys-3.4.3.tgz,public_recorded,cutnote/package-lock.json#packages/node_modules/@eslint-community/eslint-utils/node_modules/eslint-visitor-keys,License and flags are package-lock declarations; distributed package license texts were not inspected.
npm-lock,@eslint-community/regexpp,4.12.2,MIT,transitive,node_modules/@eslint-community/regexpp,true,false,false,https://registry.npmjs.org/@eslint-community/regexpp/-/regexpp-4.12.2.tgz,public_recorded,cutnote/package-lock.json#packages/node_modules/@eslint-community/regexpp,License and flags are package-lock declarations; distributed package license texts were not inspected.
npm-lock,@eslint/config-array,0.21.2,Apache-2.0,transitive,node_modules/@eslint/config-array,true,false,false,https://registry.npmjs.org/@eslint/config-array/-/config-array-0.21.2.tgz,public_recorded,cutnote/package-lock.json#packages/node_modules/@eslint/config-array,License and flags are package-lock declarations; distributed package license texts were not inspected.
npm-lock,@eslint/config-helpers,0.4.2,Apache-2.0,transitive,node_modules/@eslint/config-helpers,true,false,false,https://registry.npmjs.org/@eslint/config-helpers/-/config-helpers-0.4.2.tgz,public_recorded,cutnote/package-lock.json#packages/node_modules/@eslint/config-helpers,License and flags are package-lock declarations; distributed package license texts were not inspected.
npm-lock,@eslint/core,0.17.0,Apache-2.0,transitive,node_modules/@eslint/core,true,false,false,https://registry.npmjs.org/@eslint/core/-/core-0.17.0.tgz,public_recorded,cutnote/package-lock.json#packages/node_modules/@eslint/core,License and flags are package-lock declarations; distributed package license texts were not inspected.
npm-lock,@eslint/eslintrc,3.3.5,MIT,transitive,node_modules/@eslint/eslintrc,true,false,false,https://registry.npmjs.org/@eslint/eslintrc/-/eslintrc-3.3.5.tgz,public_recorded,cutnote/package-lock.json#packages/node_modules/@eslint/eslintrc,License and flags are package-lock declarations; distributed package license texts were not inspected.
npm-lock,ajv,6.15.0,MIT,transitive,node_modules/@eslint/eslintrc/node_modules/ajv,true,false,false,https://registry.npmjs.org/ajv/-/ajv-6.15.0.tgz,public_recorded,cutnote/package-lock.json#packages/node_modules/@eslint/eslintrc/node_modules/ajv,License and flags are package-lock declarations; distributed package license texts were not inspected.
npm-lock,json-schema-traverse,0.4.1,MIT,transitive,node_modules/@eslint/eslintrc/node_modules/json-schema-traverse,true,false,false,https://registry.npmjs.org/json-schema-traverse/-/json-schema-traverse-0.4.1.tgz,public_recorded,cutnote/package-lock.json#packages/node_modules/@eslint/eslintrc/node_modules/json-schema-traverse,License and flags are package-lock declarations; distributed package license texts were not inspected.
npm-lock,@eslint/js,9.39.4,MIT,transitive,node_modules/@eslint/js,true,false,false,https://registry.npmjs.org/@eslint/js/-/js-9.39.4.tgz,public_recorded,cutnote/package-lock.json#packages/node_modules/@eslint/js,License and flags are package-lock declarations; distributed package license texts were not inspected.
npm-lock,@eslint/object-schema,2.1.7,Apache-2.0,transitive,node_modules/@eslint/object-schema,true,false,false,https://registry.npmjs.org/@eslint/object-schema/-/object-schema-2.1.7.tgz,public_recorded,cutnote/package-lock.json#packages/node_modules/@eslint/object-schema,License and flags are package-lock declarations; distributed package license texts were not inspected.
npm-lock,@eslint/plugin-kit,0.4.1,Apache-2.0,transitive,node_modules/@eslint/plugin-kit,true,false,false,https://registry.npmjs.org/@eslint/plugin-kit/-/plugin-kit-0.4.1.tgz,public_recorded,cutnote/package-lock.json#packages/node_modules/@eslint/plugin-kit,License and flags are package-lock declarations; distributed package license texts were not inspected.
npm-lock,@fix-webm-duration/fix,1.0.1,MIT,direct-runtime,node_modules/@fix-webm-duration/fix,false,false,false,https://registry.npmjs.org/@fix-webm-duration/fix/-/fix-1.0.1.tgz,public_recorded,cutnote/package-lock.json#packages/node_modules/@fix-webm-duration/fix,License and flags are package-lock declarations; distributed package license texts were not inspected.
npm-lock,@fix-webm-duration/parser,1.0.1,MIT,transitive,node_modules/@fix-webm-duration/parser,false,false,false,https://registry.npmjs.org/@fix-webm-duration/parser/-/parser-1.0.1.tgz,public_recorded,cutnote/package-lock.json#packages/node_modules/@fix-webm-duration/parser,License and flags are package-lock declarations; distributed package license texts were not inspected.
npm-lock,@floating-ui/core,1.8.0,MIT,transitive,node_modules/@floating-ui/core,false,false,false,https://registry.npmjs.org/@floating-ui/core/-/core-1.8.0.tgz,public_recorded,cutnote/package-lock.json#packages/node_modules/@floating-ui/core,License and flags are package-lock declarations; distributed package license texts were not inspected.
npm-lock,@floating-ui/dom,1.8.0,MIT,transitive,node_modules/@floating-ui/dom,false,false,false,https://registry.npmjs.org/@floating-ui/dom/-/dom-1.8.0.tgz,public_recorded,cutnote/package-lock.json#packages/node_modules/@floating-ui/dom,License and flags are package-lock declarations; distributed package license texts were not inspected.
npm-lock,@floating-ui/react-dom,2.1.9,MIT,transitive,node_modules/@floating-ui/react-dom,false,false,false,https://registry.npmjs.org/@floating-ui/react-dom/-/react-dom-2.1.9.tgz,public_recorded,cutnote/package-lock.json#packages/node_modules/@floating-ui/react-dom,License and flags are package-lock declarations; distributed package license texts were not inspected.
npm-lock,@floating-ui/utils,0.2.12,MIT,transitive,node_modules/@floating-ui/utils,false,false,false,https://registry.npmjs.org/@floating-ui/utils/-/utils-0.2.12.tgz,public_recorded,cutnote/package-lock.json#packages/node_modules/@floating-ui/utils,License and flags are package-lock declarations; distributed package license texts were not inspected.
npm-lock,@hookform/resolvers,5.7.1,MIT,direct-runtime,node_modules/@hookform/resolvers,false,false,false,https://registry.npmjs.org/@hookform/resolvers/-/resolvers-5.7.1.tgz,public_recorded,cutnote/package-lock.json#packages/node_modules/@hookform/resolvers,License and flags are package-lock declarations; distributed package license texts were not inspected.
npm-lock,@humanfs/core,0.19.2,Apache-2.0,transitive,node_modules/@humanfs/core,true,false,false,https://registry.npmjs.org/@humanfs/core/-/core-0.19.2.tgz,public_recorded,cutnote/package-lock.json#packages/node_modules/@humanfs/core,License and flags are package-lock declarations; distributed package license texts were not inspected.
npm-lock,@humanfs/node,0.16.8,Apache-2.0,transitive,node_modules/@humanfs/node,true,false,false,https://registry.npmjs.org/@humanfs/node/-/node-0.16.8.tgz,public_recorded,cutnote/package-lock.json#packages/node_modules/@humanfs/node,License and flags are package-lock declarations; distributed package license texts were not inspected.
npm-lock,@humanfs/types,0.15.0,Apache-2.0,transitive,node_modules/@humanfs/types,true,false,false,https://registry.npmjs.org/@humanfs/types/-/types-0.15.0.tgz,public_recorded,cutnote/package-lock.json#packages/node_modules/@humanfs/types,License and flags are package-lock declarations; distributed package license texts were not inspected.
npm-lock,@humanwhocodes/module-importer,1.0.1,Apache-2.0,transitive,node_modules/@humanwhocodes/module-importer,true,false,false,https://registry.npmjs.org/@humanwhocodes/module-importer/-/module-importer-1.0.1.tgz,public_recorded,cutnote/package-lock.json#packages/node_modules/@humanwhocodes/module-importer,License and flags are package-lock declarations; distributed package license texts were not inspected.
npm-lock,@humanwhocodes/retry,0.4.3,Apache-2.0,transitive,node_modules/@humanwhocodes/retry,true,false,false,https://registry.npmjs.org/@humanwhocodes/retry/-/retry-0.4.3.tgz,public_recorded,cutnote/package-lock.json#packages/node_modules/@humanwhocodes/retry,License and flags are package-lock declarations; distributed package license texts were not inspected.
npm-lock,@img/colour,1.1.0,MIT,transitive,node_modules/@img/colour,false,false,false,https://registry.npmjs.org/@img/colour/-/colour-1.1.0.tgz,public_recorded,cutnote/package-lock.json#packages/node_modules/@img/colour,License and flags are package-lock declarations; distributed package license texts were not inspected.
npm-lock,@img/sharp-darwin-arm64,0.35.4,Apache-2.0,transitive,node_modules/@img/sharp-darwin-arm64,true,true,false,https://registry.npmjs.org/@img/sharp-darwin-arm64/-/sharp-darwin-arm64-0.35.4.tgz,public_recorded,cutnote/package-lock.json#packages/node_modules/@img/sharp-darwin-arm64,License and flags are package-lock declarations; distributed package license texts were not inspected.
npm-lock,@img/sharp-darwin-x64,0.35.4,Apache-2.0,transitive,node_modules/@img/sharp-darwin-x64,true,true,false,https://registry.npmjs.org/@img/sharp-darwin-x64/-/sharp-darwin-x64-0.35.4.tgz,public_recorded,cutnote/package-lock.json#packages/node_modules/@img/sharp-darwin-x64,License and flags are package-lock declarations; distributed package license texts were not inspected.
npm-lock,@img/sharp-freebsd-wasm32,0.35.4,Apache-2.0,transitive,node_modules/@img/sharp-freebsd-wasm32,true,true,false,https://registry.npmjs.org/@img/sharp-freebsd-wasm32/-/sharp-freebsd-wasm32-0.35.4.tgz,public_recorded,cutnote/package-lock.json#packages/node_modules/@img/sharp-freebsd-wasm32,License and flags are package-lock declarations; distributed package license texts were not inspected.
npm-lock,@emnapi/runtime,1.11.3,MIT,transitive,node_modules/@img/sharp-freebsd-wasm32/node_modules/@emnapi/runtime,true,true,false,https://registry.npmjs.org/@emnapi/runtime/-/runtime-1.11.3.tgz,public_recorded,cutnote/package-lock.json#packages/node_modules/@img/sharp-freebsd-wasm32/node_modules/@emnapi/runtime,License and flags are package-lock declarations; distributed package license texts were not inspected.
npm-lock,@img/sharp-wasm32,0.35.4,Apache-2.0 AND LGPL-3.0-or-later AND MIT,transitive,node_modules/@img/sharp-freebsd-wasm32/node_modules/@img/sharp-wasm32,true,true,false,https://registry.npmjs.org/@img/sharp-wasm32/-/sharp-wasm32-0.35.4.tgz,public_recorded,cutnote/package-lock.json#packages/node_modules/@img/sharp-freebsd-wasm32/node_modules/@img/sharp-wasm32,License and flags are package-lock declarations; distributed package license texts were not inspected.
npm-lock,@img/sharp-libvips-darwin-arm64,1.3.3,LGPL-3.0-or-later,transitive,node_modules/@img/sharp-libvips-darwin-arm64,true,true,false,https://registry.npmjs.org/@img/sharp-libvips-darwin-arm64/-/sharp-libvips-darwin-arm64-1.3.3.tgz,public_recorded,cutnote/package-lock.json#packages/node_modules/@img/sharp-libvips-darwin-arm64,License and flags are package-lock declarations; distributed package license texts were not inspected.
npm-lock,@img/sharp-libvips-darwin-x64,1.3.3,LGPL-3.0-or-later,transitive,node_modules/@img/sharp-libvips-darwin-x64,true,true,false,https://registry.npmjs.org/@img/sharp-libvips-darwin-x64/-/sharp-libvips-darwin-x64-1.3.3.tgz,public_recorded,cutnote/package-lock.json#packages/node_modules/@img/sharp-libvips-darwin-x64,License and flags are package-lock declarations; distributed package license texts were not inspected.
npm-lock,@img/sharp-libvips-linux-arm,1.3.3,LGPL-3.0-or-later,transitive,node_modules/@img/sharp-libvips-linux-arm,true,true,false,https://registry.npmjs.org/@img/sharp-libvips-linux-arm/-/sharp-libvips-linux-arm-1.3.3.tgz,public_recorded,cutnote/package-lock.json#packages/node_modules/@img/sharp-libvips-linux-arm,License and flags are package-lock declarations; distributed package license texts were not inspected.
npm-lock,@img/sharp-libvips-linux-arm64,1.3.3,LGPL-3.0-or-later,transitive,node_modules/@img/sharp-libvips-linux-arm64,true,true,false,https://registry.npmjs.org/@img/sharp-libvips-linux-arm64/-/sharp-libvips-linux-arm64-1.3.3.tgz,public_recorded,cutnote/package-lock.json#packages/node_modules/@img/sharp-libvips-linux-arm64,License and flags are package-lock declarations; distributed package license texts were not inspected.
npm-lock,@img/sharp-libvips-linux-ppc64,1.3.3,LGPL-3.0-or-later,transitive,node_modules/@img/sharp-libvips-linux-ppc64,true,true,false,https://registry.npmjs.org/@img/sharp-libvips-linux-ppc64/-/sharp-libvips-linux-ppc64-1.3.3.tgz,public_recorded,cutnote/package-lock.json#packages/node_modules/@img/sharp-libvips-linux-ppc64,License and flags are package-lock declarations; distributed package license texts were not inspected.
npm-lock,@img/sharp-libvips-linux-riscv64,1.3.3,LGPL-3.0-or-later,transitive,node_modules/@img/sharp-libvips-linux-riscv64,true,true,false,https://registry.npmjs.org/@img/sharp-libvips-linux-riscv64/-/sharp-libvips-linux-riscv64-1.3.3.tgz,public_recorded,cutnote/package-lock.json#packages/node_modules/@img/sharp-libvips-linux-riscv64,License and flags are package-lock declarations; distributed package license texts were not inspected.
npm-lock,@img/sharp-libvips-linux-s390x,1.3.3,LGPL-3.0-or-later,transitive,node_modules/@img/sharp-libvips-linux-s390x,true,true,false,https://registry.npmjs.org/@img/sharp-libvips-linux-s390x/-/sharp-libvips-linux-s390x-1.3.3.tgz,public_recorded,cutnote/package-lock.json#packages/node_modules/@img/sharp-libvips-linux-s390x,License and flags are package-lock declarations; distributed package license texts were not inspected.
npm-lock,@img/sharp-libvips-linux-x64,1.3.3,LGPL-3.0-or-later,transitive,node_modules/@img/sharp-libvips-linux-x64,true,true,false,https://registry.npmjs.org/@img/sharp-libvips-linux-x64/-/sharp-libvips-linux-x64-1.3.3.tgz,public_recorded,cutnote/package-lock.json#packages/node_modules/@img/sharp-libvips-linux-x64,License and flags are package-lock declarations; distributed package license texts were not inspected.
npm-lock,@img/sharp-libvips-linuxmusl-arm64,1.3.3,LGPL-3.0-or-later,transitive,node_modules/@img/sharp-libvips-linuxmusl-arm64,true,true,false,https://registry.npmjs.org/@img/sharp-libvips-linuxmusl-arm64/-/sharp-libvips-linuxmusl-arm64-1.3.3.tgz,public_recorded,cutnote/package-lock.json#packages/node_modules/@img/sharp-libvips-linuxmusl-arm64,License and flags are package-lock declarations; distributed package license texts were not inspected.
npm-lock,@img/sharp-libvips-linuxmusl-x64,1.3.3,LGPL-3.0-or-later,transitive,node_modules/@img/sharp-libvips-linuxmusl-x64,true,true,false,https://registry.npmjs.org/@img/sharp-libvips-linuxmusl-x64/-/sharp-libvips-linuxmusl-x64-1.3.3.tgz,public_recorded,cutnote/package-lock.json#packages/node_modules/@img/sharp-libvips-linuxmusl-x64,License and flags are package-lock declarations; distributed package license texts were not inspected.
npm-lock,@img/sharp-linux-arm,0.35.4,Apache-2.0,transitive,node_modules/@img/sharp-linux-arm,true,true,false,https://registry.npmjs.org/@img/sharp-linux-arm/-/sharp-linux-arm-0.35.4.tgz,public_recorded,cutnote/package-lock.json#packages/node_modules/@img/sharp-linux-arm,License and flags are package-lock declarations; distributed package license texts were not inspected.
npm-lock,@img/sharp-linux-arm64,0.35.4,Apache-2.0,transitive,node_modules/@img/sharp-linux-arm64,true,true,false,https://registry.npmjs.org/@img/sharp-linux-arm64/-/sharp-linux-arm64-0.35.4.tgz,public_recorded,cutnote/package-lock.json#packages/node_modules/@img/sharp-linux-arm64,License and flags are package-lock declarations; distributed package license texts were not inspected.
npm-lock,@img/sharp-linux-ppc64,0.35.4,Apache-2.0,transitive,node_modules/@img/sharp-linux-ppc64,true,true,false,https://registry.npmjs.org/@img/sharp-linux-ppc64/-/sharp-linux-ppc64-0.35.4.tgz,public_recorded,cutnote/package-lock.json#packages/node_modules/@img/sharp-linux-ppc64,License and flags are package-lock declarations; distributed package license texts were not inspected.
npm-lock,@img/sharp-linux-riscv64,0.35.4,Apache-2.0,transitive,node_modules/@img/sharp-linux-riscv64,true,true,false,https://registry.npmjs.org/@img/sharp-linux-riscv64/-/sharp-linux-riscv64-0.35.4.tgz,public_recorded,cutnote/package-lock.json#packages/node_modules/@img/sharp-linux-riscv64,License and flags are package-lock declarations; distributed package license texts were not inspected.
npm-lock,@img/sharp-linux-s390x,0.35.4,Apache-2.0,transitive,node_modules/@img/sharp-linux-s390x,true,true,false,https://registry.npmjs.org/@img/sharp-linux-s390x/-/sharp-linux-s390x-0.35.4.tgz,public_recorded,cutnote/package-lock.json#packages/node_modules/@img/sharp-linux-s390x,License and flags are package-lock declarations; distributed package license texts were not inspected.
npm-lock,@img/sharp-linux-x64,0.35.4,Apache-2.0,transitive,node_modules/@img/sharp-linux-x64,true,true,false,https://registry.npmjs.org/@img/sharp-linux-x64/-/sharp-linux-x64-0.35.4.tgz,public_recorded,cutnote/package-lock.json#packages/node_modules/@img/sharp-linux-x64,License and flags are package-lock declarations; distributed package license texts were not inspected.
npm-lock,@img/sharp-linuxmusl-arm64,0.35.4,Apache-2.0,transitive,node_modules/@img/sharp-linuxmusl-arm64,true,true,false,https://registry.npmjs.org/@img/sharp-linuxmusl-arm64/-/sharp-linuxmusl-arm64-0.35.4.tgz,public_recorded,cutnote/package-lock.json#packages/node_modules/@img/sharp-linuxmusl-arm64,License and flags are package-lock declarations; distributed package license texts were not inspected.
npm-lock,@img/sharp-linuxmusl-x64,0.35.4,Apache-2.0,transitive,node_modules/@img/sharp-linuxmusl-x64,true,true,false,https://registry.npmjs.org/@img/sharp-linuxmusl-x64/-/sharp-linuxmusl-x64-0.35.4.tgz,public_recorded,cutnote/package-lock.json#packages/node_modules/@img/sharp-linuxmusl-x64,License and flags are package-lock declarations; distributed package license texts were not inspected.
npm-lock,@img/sharp-webcontainers-wasm32,0.35.4,Apache-2.0,transitive,node_modules/@img/sharp-webcontainers-wasm32,true,true,false,https://registry.npmjs.org/@img/sharp-webcontainers-wasm32/-/sharp-webcontainers-wasm32-0.35.4.tgz,public_recorded,cutnote/package-lock.json#packages/node_modules/@img/sharp-webcontainers-wasm32,License and flags are package-lock declarations; distributed package license texts were not inspected.
npm-lock,@emnapi/runtime,1.11.3,MIT,transitive,node_modules/@img/sharp-webcontainers-wasm32/node_modules/@emnapi/runtime,true,true,false,https://registry.npmjs.org/@emnapi/runtime/-/runtime-1.11.3.tgz,public_recorded,cutnote/package-lock.json#packages/node_modules/@img/sharp-webcontainers-wasm32/node_modules/@emnapi/runtime,License and flags are package-lock declarations; distributed package license texts were not inspected.
npm-lock,@img/sharp-wasm32,0.35.4,Apache-2.0 AND LGPL-3.0-or-later AND MIT,transitive,node_modules/@img/sharp-webcontainers-wasm32/node_modules/@img/sharp-wasm32,true,true,false,https://registry.npmjs.org/@img/sharp-wasm32/-/sharp-wasm32-0.35.4.tgz,public_recorded,cutnote/package-lock.json#packages/node_modules/@img/sharp-webcontainers-wasm32/node_modules/@img/sharp-wasm32,License and flags are package-lock declarations; distributed package license texts were not inspected.
npm-lock,@img/sharp-win32-arm64,0.35.4,Apache-2.0 AND LGPL-3.0-or-later,transitive,node_modules/@img/sharp-win32-arm64,true,true,false,https://registry.npmjs.org/@img/sharp-win32-arm64/-/sharp-win32-arm64-0.35.4.tgz,public_recorded,cutnote/package-lock.json#packages/node_modules/@img/sharp-win32-arm64,License and flags are package-lock declarations; distributed package license texts were not inspected.
npm-lock,@img/sharp-win32-ia32,0.35.4,Apache-2.0 AND LGPL-3.0-or-later,transitive,node_modules/@img/sharp-win32-ia32,true,true,false,https://registry.npmjs.org/@img/sharp-win32-ia32/-/sharp-win32-ia32-0.35.4.tgz,public_recorded,cutnote/package-lock.json#packages/node_modules/@img/sharp-win32-ia32,License and flags are package-lock declarations; distributed package license texts were not inspected.
npm-lock,@img/sharp-win32-x64,0.35.4,Apache-2.0 AND LGPL-3.0-or-later,transitive,node_modules/@img/sharp-win32-x64,true,true,false,https://registry.npmjs.org/@img/sharp-win32-x64/-/sharp-win32-x64-0.35.4.tgz,public_recorded,cutnote/package-lock.json#packages/node_modules/@img/sharp-win32-x64,License and flags are package-lock declarations; distributed package license texts were not inspected.
npm-lock,@jridgewell/gen-mapping,0.3.13,MIT,transitive,node_modules/@jridgewell/gen-mapping,true,false,false,https://registry.npmjs.org/@jridgewell/gen-mapping/-/gen-mapping-0.3.13.tgz,public_recorded,cutnote/package-lock.json#packages/node_modules/@jridgewell/gen-mapping,License and flags are package-lock declarations; distributed package license texts were not inspected.
npm-lock,@jridgewell/remapping,2.3.5,MIT,transitive,node_modules/@jridgewell/remapping,true,false,false,https://registry.npmjs.org/@jridgewell/remapping/-/remapping-2.3.5.tgz,public_recorded,cutnote/package-lock.json#packages/node_modules/@jridgewell/remapping,License and flags are package-lock declarations; distributed package license texts were not inspected.
npm-lock,@jridgewell/resolve-uri,3.1.2,MIT,transitive,node_modules/@jridgewell/resolve-uri,true,false,false,https://registry.npmjs.org/@jridgewell/resolve-uri/-/resolve-uri-3.1.2.tgz,public_recorded,cutnote/package-lock.json#packages/node_modules/@jridgewell/resolve-uri,License and flags are package-lock declarations; distributed package license texts were not inspected.
npm-lock,@jridgewell/source-map,0.3.11,MIT,transitive,node_modules/@jridgewell/source-map,true,false,false,https://registry.npmjs.org/@jridgewell/source-map/-/source-map-0.3.11.tgz,public_recorded,cutnote/package-lock.json#packages/node_modules/@jridgewell/source-map,License and flags are package-lock declarations; distributed package license texts were not inspected.
npm-lock,@jridgewell/sourcemap-codec,1.5.5,MIT,transitive,node_modules/@jridgewell/sourcemap-codec,true,false,false,https://registry.npmjs.org/@jridgewell/sourcemap-codec/-/sourcemap-codec-1.5.5.tgz,public_recorded,cutnote/package-lock.json#packages/node_modules/@jridgewell/sourcemap-codec,License and flags are package-lock declarations; distributed package license texts were not inspected.
npm-lock,@jridgewell/trace-mapping,0.3.31,MIT,transitive,node_modules/@jridgewell/trace-mapping,true,false,false,https://registry.npmjs.org/@jridgewell/trace-mapping/-/trace-mapping-0.3.31.tgz,public_recorded,cutnote/package-lock.json#packages/node_modules/@jridgewell/trace-mapping,License and flags are package-lock declarations; distributed package license texts were not inspected.
npm-lock,@napi-rs/wasm-runtime,0.2.12,MIT,transitive,node_modules/@napi-rs/wasm-runtime,true,true,false,https://registry.npmjs.org/@napi-rs/wasm-runtime/-/wasm-runtime-0.2.12.tgz,public_recorded,cutnote/package-lock.json#packages/node_modules/@napi-rs/wasm-runtime,License and flags are package-lock declarations; distributed package license texts were not inspected.
npm-lock,@next/env,16.3.4,MIT,transitive,node_modules/@next/env,false,false,false,https://registry.npmjs.org/@next/env/-/env-16.3.4.tgz,public_recorded,cutnote/package-lock.json#packages/node_modules/@next/env,License and flags are package-lock declarations; distributed package license texts were not inspected.
npm-lock,@next/eslint-plugin-next,16.3.4,MIT,transitive,node_modules/@next/eslint-plugin-next,true,false,false,https://registry.npmjs.org/@next/eslint-plugin-next/-/eslint-plugin-next-16.3.4.tgz,public_recorded,cutnote/package-lock.json#packages/node_modules/@next/eslint-plugin-next,License and flags are package-lock declarations; distributed package license texts were not inspected.
npm-lock,@next/swc-darwin-arm64,16.3.4,MIT,transitive,node_modules/@next/swc-darwin-arm64,false,true,false,https://registry.npmjs.org/@next/swc-darwin-arm64/-/swc-darwin-arm64-16.3.4.tgz,public_recorded,cutnote/package-lock.json#packages/node_modules/@next/swc-darwin-arm64,License and flags are package-lock declarations; distributed package license texts were not inspected.
npm-lock,@next/swc-darwin-x64,16.3.4,MIT,transitive,node_modules/@next/swc-darwin-x64,false,true,false,https://registry.npmjs.org/@next/swc-darwin-x64/-/swc-darwin-x64-16.3.4.tgz,public_recorded,cutnote/package-lock.json#packages/node_modules/@next/swc-darwin-x64,License and flags are package-lock declarations; distributed package license texts were not inspected.
npm-lock,@next/swc-linux-arm64-gnu,16.3.4,MIT,transitive,node_modules/@next/swc-linux-arm64-gnu,false,true,false,https://registry.npmjs.org/@next/swc-linux-arm64-gnu/-/swc-linux-arm64-gnu-16.3.4.tgz,public_recorded,cutnote/package-lock.json#packages/node_modules/@next/swc-linux-arm64-gnu,License and flags are package-lock declarations; distributed package license texts were not inspected.
npm-lock,@next/swc-linux-arm64-musl,16.3.4,MIT,transitive,node_modules/@next/swc-linux-arm64-musl,false,true,false,https://registry.npmjs.org/@next/swc-linux-arm64-musl/-/swc-linux-arm64-musl-16.3.4.tgz,public_recorded,cutnote/package-lock.json#packages/node_modules/@next/swc-linux-arm64-musl,License and flags are package-lock declarations; distributed package license texts were not inspected.
npm-lock,@next/swc-linux-x64-gnu,16.3.4,MIT,transitive,node_modules/@next/swc-linux-x64-gnu,false,true,false,https://registry.npmjs.org/@next/swc-linux-x64-gnu/-/swc-linux-x64-gnu-16.3.4.tgz,public_recorded,cutnote/package-lock.json#packages/node_modules/@next/swc-linux-x64-gnu,License and flags are package-lock declarations; distributed package license texts were not inspected.
npm-lock,@next/swc-linux-x64-musl,16.3.4,MIT,transitive,node_modules/@next/swc-linux-x64-musl,false,true,false,https://registry.npmjs.org/@next/swc-linux-x64-musl/-/swc-linux-x64-musl-16.3.4.tgz,public_recorded,cutnote/package-lock.json#packages/node_modules/@next/swc-linux-x64-musl,License and flags are package-lock declarations; distributed package license texts were not inspected.
npm-lock,@next/swc-win32-arm64-msvc,16.3.4,MIT,transitive,node_modules/@next/swc-win32-arm64-msvc,false,true,false,https://registry.npmjs.org/@next/swc-win32-arm64-msvc/-/swc-win32-arm64-msvc-16.3.4.tgz,public_recorded,cutnote/package-lock.json#packages/node_modules/@next/swc-win32-arm64-msvc,License and flags are package-lock declarations; distributed package license texts were not inspected.
npm-lock,@next/swc-win32-x64-msvc,16.3.4,MIT,transitive,node_modules/@next/swc-win32-x64-msvc,false,true,false,https://registry.npmjs.org/@next/swc-win32-x64-msvc/-/swc-win32-x64-msvc-16.3.4.tgz,public_recorded,cutnote/package-lock.json#packages/node_modules/@next/swc-win32-x64-msvc,License and flags are package-lock declarations; distributed package license texts were not inspected.
npm-lock,@nodelib/fs.scandir,2.1.5,MIT,transitive,node_modules/@nodelib/fs.scandir,true,false,false,https://registry.npmjs.org/@nodelib/fs.scandir/-/fs.scandir-2.1.5.tgz,public_recorded,cutnote/package-lock.json#packages/node_modules/@nodelib/fs.scandir,License and flags are package-lock declarations; distributed package license texts were not inspected.
npm-lock,@nodelib/fs.stat,2.0.5,MIT,transitive,node_modules/@nodelib/fs.stat,true,false,false,https://registry.npmjs.org/@nodelib/fs.stat/-/fs.stat-2.0.5.tgz,public_recorded,cutnote/package-lock.json#packages/node_modules/@nodelib/fs.stat,License and flags are package-lock declarations; distributed package license texts were not inspected.
npm-lock,@nodelib/fs.walk,1.2.8,MIT,transitive,node_modules/@nodelib/fs.walk,true,false,false,https://registry.npmjs.org/@nodelib/fs.walk/-/fs.walk-1.2.8.tgz,public_recorded,cutnote/package-lock.json#packages/node_modules/@nodelib/fs.walk,License and flags are package-lock declarations; distributed package license texts were not inspected.
npm-lock,@nolyfill/is-core-module,1.0.39,MIT,transitive,node_modules/@nolyfill/is-core-module,true,false,false,https://registry.npmjs.org/@nolyfill/is-core-module/-/is-core-module-1.0.39.tgz,public_recorded,cutnote/package-lock.json#packages/node_modules/@nolyfill/is-core-module,License and flags are package-lock declarations; distributed package license texts were not inspected.
npm-lock,@oxc-project/types,0.130.0,MIT,transitive,node_modules/@oxc-project/types,true,false,false,https://registry.npmjs.org/@oxc-project/types/-/types-0.130.0.tgz,public_recorded,cutnote/package-lock.json#packages/node_modules/@oxc-project/types,License and flags are package-lock declarations; distributed package license texts were not inspected.
npm-lock,@poppinss/colors,4.1.6,MIT,transitive,node_modules/@poppinss/colors,true,false,false,https://registry.npmjs.org/@poppinss/colors/-/colors-4.1.6.tgz,public_recorded,cutnote/package-lock.json#packages/node_modules/@poppinss/colors,License and flags are package-lock declarations; distributed package license texts were not inspected.
npm-lock,@poppinss/dumper,0.6.5,MIT,transitive,node_modules/@poppinss/dumper,true,false,false,https://registry.npmjs.org/@poppinss/dumper/-/dumper-0.6.5.tgz,public_recorded,cutnote/package-lock.json#packages/node_modules/@poppinss/dumper,License and flags are package-lock declarations; distributed package license texts were not inspected.
npm-lock,supports-color,10.2.2,MIT,transitive,node_modules/@poppinss/dumper/node_modules/supports-color,true,false,false,https://registry.npmjs.org/supports-color/-/supports-color-10.2.2.tgz,public_recorded,cutnote/package-lock.json#packages/node_modules/@poppinss/dumper/node_modules/supports-color,License and flags are package-lock declarations; distributed package license texts were not inspected.
npm-lock,@poppinss/exception,1.2.3,MIT,transitive,node_modules/@poppinss/exception,true,false,false,https://registry.npmjs.org/@poppinss/exception/-/exception-1.2.3.tgz,public_recorded,cutnote/package-lock.json#packages/node_modules/@poppinss/exception,License and flags are package-lock declarations; distributed package license texts were not inspected.
npm-lock,@radix-ui/number,1.1.3,MIT,transitive,node_modules/@radix-ui/number,false,false,false,https://registry.npmjs.org/@radix-ui/number/-/number-1.1.3.tgz,public_recorded,cutnote/package-lock.json#packages/node_modules/@radix-ui/number,License and flags are package-lock declarations; distributed package license texts were not inspected.
npm-lock,@radix-ui/primitive,1.1.7,MIT,transitive,node_modules/@radix-ui/primitive,false,false,false,https://registry.npmjs.org/@radix-ui/primitive/-/primitive-1.1.7.tgz,public_recorded,cutnote/package-lock.json#packages/node_modules/@radix-ui/primitive,License and flags are package-lock declarations; distributed package license texts were not inspected.
npm-lock,@radix-ui/react-accessible-icon,1.1.15,MIT,transitive,node_modules/@radix-ui/react-accessible-icon,false,false,false,https://registry.npmjs.org/@radix-ui/react-accessible-icon/-/react-accessible-icon-1.1.15.tgz,public_recorded,cutnote/package-lock.json#packages/node_modules/@radix-ui/react-accessible-icon,License and flags are package-lock declarations; distributed package license texts were not inspected.
npm-lock,@radix-ui/react-accordion,1.2.20,MIT,transitive,node_modules/@radix-ui/react-accordion,false,false,false,https://registry.npmjs.org/@radix-ui/react-accordion/-/react-accordion-1.2.20.tgz,public_recorded,cutnote/package-lock.json#packages/node_modules/@radix-ui/react-accordion,License and flags are package-lock declarations; distributed package license texts were not inspected.
npm-lock,@radix-ui/react-compose-refs,1.1.5,MIT,transitive,node_modules/@radix-ui/react-accordion/node_modules/@radix-ui/react-compose-refs,false,false,false,https://registry.npmjs.org/@radix-ui/react-compose-refs/-/react-compose-refs-1.1.5.tgz,public_recorded,cutnote/package-lock.json#packages/node_modules/@radix-ui/react-accordion/node_modules/@radix-ui/react-compose-refs,License and flags are package-lock declarations; distributed package license texts were not inspected.
npm-lock,@radix-ui/react-alert-dialog,1.1.23,MIT,transitive,node_modules/@radix-ui/react-alert-dialog,false,false,false,https://registry.npmjs.org/@radix-ui/react-alert-dialog/-/react-alert-dialog-1.1.23.tgz,public_recorded,cutnote/package-lock.json#packages/node_modules/@radix-ui/react-alert-dialog,License and flags are package-lock declarations; distributed package license texts were not inspected.
npm-lock,@radix-ui/react-compose-refs,1.1.5,MIT,transitive,node_modules/@radix-ui/react-alert-dialog/node_modules/@radix-ui/react-compose-refs,false,false,false,https://registry.npmjs.org/@radix-ui/react-compose-refs/-/react-compose-refs-1.1.5.tgz,public_recorded,cutnote/package-lock.json#packages/node_modules/@radix-ui/react-alert-dialog/node_modules/@radix-ui/react-compose-refs,License and flags are package-lock declarations; distributed package license texts were not inspected.
npm-lock,@radix-ui/react-arrow,1.1.15,MIT,transitive,node_modules/@radix-ui/react-arrow,false,false,false,https://registry.npmjs.org/@radix-ui/react-arrow/-/react-arrow-1.1.15.tgz,public_recorded,cutnote/package-lock.json#packages/node_modules/@radix-ui/react-arrow,License and flags are package-lock declarations; distributed package license texts were not inspected.
npm-lock,@radix-ui/react-aspect-ratio,1.1.15,MIT,transitive,node_modules/@radix-ui/react-aspect-ratio,false,false,false,https://registry.npmjs.org/@radix-ui/react-aspect-ratio/-/react-aspect-ratio-1.1.15.tgz,public_recorded,cutnote/package-lock.json#packages/node_modules/@radix-ui/react-aspect-ratio,License and flags are package-lock declarations; distributed package license texts were not inspected.
npm-lock,@radix-ui/react-avatar,1.2.6,MIT,transitive,node_modules/@radix-ui/react-avatar,false,false,false,https://registry.npmjs.org/@radix-ui/react-avatar/-/react-avatar-1.2.6.tgz,public_recorded,cutnote/package-lock.json#packages/node_modules/@radix-ui/react-avatar,License and flags are package-lock declarations; distributed package license texts were not inspected.
npm-lock,@radix-ui/react-checkbox,1.3.11,MIT,transitive,node_modules/@radix-ui/react-checkbox,false,false,false,https://registry.npmjs.org/@radix-ui/react-checkbox/-/react-checkbox-1.3.11.tgz,public_recorded,cutnote/package-lock.json#packages/node_modules/@radix-ui/react-checkbox,License and flags are package-lock declarations; distributed package license texts were not inspected.
npm-lock,@radix-ui/react-compose-refs,1.1.5,MIT,transitive,node_modules/@radix-ui/react-checkbox/node_modules/@radix-ui/react-compose-refs,false,false,false,https://registry.npmjs.org/@radix-ui/react-compose-refs/-/react-compose-refs-1.1.5.tgz,public_recorded,cutnote/package-lock.json#packages/node_modules/@radix-ui/react-checkbox/node_modules/@radix-ui/react-compose-refs,License and flags are package-lock declarations; distributed package license texts were not inspected.
npm-lock,@radix-ui/react-collapsible,1.1.20,MIT,transitive,node_modules/@radix-ui/react-collapsible,false,false,false,https://registry.npmjs.org/@radix-ui/react-collapsible/-/react-collapsible-1.1.20.tgz,public_recorded,cutnote/package-lock.json#packages/node_modules/@radix-ui/react-collapsible,License and flags are package-lock declarations; distributed package license texts were not inspected.
npm-lock,@radix-ui/react-compose-refs,1.1.5,MIT,transitive,node_modules/@radix-ui/react-collapsible/node_modules/@radix-ui/react-compose-refs,false,false,false,https://registry.npmjs.org/@radix-ui/react-compose-refs/-/react-compose-refs-1.1.5.tgz,public_recorded,cutnote/package-lock.json#packages/node_modules/@radix-ui/react-collapsible/node_modules/@radix-ui/react-compose-refs,License and flags are package-lock declarations; distributed package license texts were not inspected.
npm-lock,@radix-ui/react-collection,1.1.15,MIT,transitive,node_modules/@radix-ui/react-collection,false,false,false,https://registry.npmjs.org/@radix-ui/react-collection/-/react-collection-1.1.15.tgz,public_recorded,cutnote/package-lock.json#packages/node_modules/@radix-ui/react-collection,License and flags are package-lock declarations; distributed package license texts were not inspected.
npm-lock,@radix-ui/react-compose-refs,1.1.5,MIT,transitive,node_modules/@radix-ui/react-collection/node_modules/@radix-ui/react-compose-refs,false,false,false,https://registry.npmjs.org/@radix-ui/react-compose-refs/-/react-compose-refs-1.1.5.tgz,public_recorded,cutnote/package-lock.json#packages/node_modules/@radix-ui/react-collection/node_modules/@radix-ui/react-compose-refs,License and flags are package-lock declarations; distributed package license texts were not inspected.
npm-lock,@radix-ui/react-slot,1.3.3,MIT,transitive,node_modules/@radix-ui/react-collection/node_modules/@radix-ui/react-slot,false,false,false,https://registry.npmjs.org/@radix-ui/react-slot/-/react-slot-1.3.3.tgz,public_recorded,cutnote/package-lock.json#packages/node_modules/@radix-ui/react-collection/node_modules/@radix-ui/react-slot,License and flags are package-lock declarations; distributed package license texts were not inspected.
npm-lock,@radix-ui/react-compose-refs,1.1.2,MIT,transitive,node_modules/@radix-ui/react-compose-refs,false,false,false,https://registry.npmjs.org/@radix-ui/react-compose-refs/-/react-compose-refs-1.1.2.tgz,public_recorded,cutnote/package-lock.json#packages/node_modules/@radix-ui/react-compose-refs,License and flags are package-lock declarations; distributed package license texts were not inspected.
npm-lock,@radix-ui/react-context,1.2.2,MIT,transitive,node_modules/@radix-ui/react-context,false,false,false,https://registry.npmjs.org/@radix-ui/react-context/-/react-context-1.2.2.tgz,public_recorded,cutnote/package-lock.json#packages/node_modules/@radix-ui/react-context,License and flags are package-lock declarations; distributed package license texts were not inspected.
npm-lock,@radix-ui/react-context-menu,2.3.7,MIT,transitive,node_modules/@radix-ui/react-context-menu,false,false,false,https://registry.npmjs.org/@radix-ui/react-context-menu/-/react-context-menu-2.3.7.tgz,public_recorded,cutnote/package-lock.json#packages/node_modules/@radix-ui/react-context-menu,License and flags are package-lock declarations; distributed package license texts were not inspected.
npm-lock,@radix-ui/react-dialog,1.1.23,MIT,transitive,node_modules/@radix-ui/react-dialog,false,false,false,https://registry.npmjs.org/@radix-ui/react-dialog/-/react-dialog-1.1.23.tgz,public_recorded,cutnote/package-lock.json#packages/node_modules/@radix-ui/react-dialog,License and flags are package-lock declarations; distributed package license texts were not inspected.
npm-lock,@radix-ui/react-compose-refs,1.1.5,MIT,transitive,node_modules/@radix-ui/react-dialog/node_modules/@radix-ui/react-compose-refs,false,false,false,https://registry.npmjs.org/@radix-ui/react-compose-refs/-/react-compose-refs-1.1.5.tgz,public_recorded,cutnote/package-lock.json#packages/node_modules/@radix-ui/react-dialog/node_modules/@radix-ui/react-compose-refs,License and flags are package-lock declarations; distributed package license texts were not inspected.
npm-lock,@radix-ui/react-slot,1.3.3,MIT,transitive,node_modules/@radix-ui/react-dialog/node_modules/@radix-ui/react-slot,false,false,false,https://registry.npmjs.org/@radix-ui/react-slot/-/react-slot-1.3.3.tgz,public_recorded,cutnote/package-lock.json#packages/node_modules/@radix-ui/react-dialog/node_modules/@radix-ui/react-slot,License and flags are package-lock declarations; distributed package license texts were not inspected.
npm-lock,@radix-ui/react-direction,1.1.4,MIT,transitive,node_modules/@radix-ui/react-direction,false,false,false,https://registry.npmjs.org/@radix-ui/react-direction/-/react-direction-1.1.4.tgz,public_recorded,cutnote/package-lock.json#packages/node_modules/@radix-ui/react-direction,License and flags are package-lock declarations; distributed package license texts were not inspected.
npm-lock,@radix-ui/react-dismissable-layer,1.1.19,MIT,transitive,node_modules/@radix-ui/react-dismissable-layer,false,false,false,https://registry.npmjs.org/@radix-ui/react-dismissable-layer/-/react-dismissable-layer-1.1.19.tgz,public_recorded,cutnote/package-lock.json#packages/node_modules/@radix-ui/react-dismissable-layer,License and flags are package-lock declarations; distributed package license texts were not inspected.
npm-lock,@radix-ui/react-compose-refs,1.1.5,MIT,transitive,node_modules/@radix-ui/react-dismissable-layer/node_modules/@radix-ui/react-compose-refs,false,false,false,https://registry.npmjs.org/@radix-ui/react-compose-refs/-/react-compose-refs-1.1.5.tgz,public_recorded,cutnote/package-lock.json#packages/node_modules/@radix-ui/react-dismissable-layer/node_modules/@radix-ui/react-compose-refs,License and flags are package-lock declarations; distributed package license texts were not inspected.
npm-lock,@radix-ui/react-dropdown-menu,2.1.24,MIT,transitive,node_modules/@radix-ui/react-dropdown-menu,false,false,false,https://registry.npmjs.org/@radix-ui/react-dropdown-menu/-/react-dropdown-menu-2.1.24.tgz,public_recorded,cutnote/package-lock.json#packages/node_modules/@radix-ui/react-dropdown-menu,License and flags are package-lock declarations; distributed package license texts were not inspected.
npm-lock,@radix-ui/react-compose-refs,1.1.5,MIT,transitive,node_modules/@radix-ui/react-dropdown-menu/node_modules/@radix-ui/react-compose-refs,false,false,false,https://registry.npmjs.org/@radix-ui/react-compose-refs/-/react-compose-refs-1.1.5.tgz,public_recorded,cutnote/package-lock.json#packages/node_modules/@radix-ui/react-dropdown-menu/node_modules/@radix-ui/react-compose-refs,License and flags are package-lock declarations; distributed package license texts were not inspected.
npm-lock,@radix-ui/react-focus-guards,1.1.6,MIT,transitive,node_modules/@radix-ui/react-focus-guards,false,false,false,https://registry.npmjs.org/@radix-ui/react-focus-guards/-/react-focus-guards-1.1.6.tgz,public_recorded,cutnote/package-lock.json#packages/node_modules/@radix-ui/react-focus-guards,License and flags are package-lock declarations; distributed package license texts were not inspected.
npm-lock,@radix-ui/react-focus-scope,1.1.16,MIT,transitive,node_modules/@radix-ui/react-focus-scope,false,false,false,https://registry.npmjs.org/@radix-ui/react-focus-scope/-/react-focus-scope-1.1.16.tgz,public_recorded,cutnote/package-lock.json#packages/node_modules/@radix-ui/react-focus-scope,License and flags are package-lock declarations; distributed package license texts were not inspected.
npm-lock,@radix-ui/react-compose-refs,1.1.5,MIT,transitive,node_modules/@radix-ui/react-focus-scope/node_modules/@radix-ui/react-compose-refs,false,false,false,https://registry.npmjs.org/@radix-ui/react-compose-refs/-/react-compose-refs-1.1.5.tgz,public_recorded,cutnote/package-lock.json#packages/node_modules/@radix-ui/react-focus-scope/node_modules/@radix-ui/react-compose-refs,License and flags are package-lock declarations; distributed package license texts were not inspected.
npm-lock,@radix-ui/react-form,0.1.16,MIT,transitive,node_modules/@radix-ui/react-form,false,false,false,https://registry.npmjs.org/@radix-ui/react-form/-/react-form-0.1.16.tgz,public_recorded,cutnote/package-lock.json#packages/node_modules/@radix-ui/react-form,License and flags are package-lock declarations; distributed package license texts were not inspected.
npm-lock,@radix-ui/react-compose-refs,1.1.5,MIT,transitive,node_modules/@radix-ui/react-form/node_modules/@radix-ui/react-compose-refs,false,false,false,https://registry.npmjs.org/@radix-ui/react-compose-refs/-/react-compose-refs-1.1.5.tgz,public_recorded,cutnote/package-lock.json#packages/node_modules/@radix-ui/react-form/node_modules/@radix-ui/react-compose-refs,License and flags are package-lock declarations; distributed package license texts were not inspected.
npm-lock,@radix-ui/react-hover-card,1.1.23,MIT,transitive,node_modules/@radix-ui/react-hover-card,false,false,false,https://registry.npmjs.org/@radix-ui/react-hover-card/-/react-hover-card-1.1.23.tgz,public_recorded,cutnote/package-lock.json#packages/node_modules/@radix-ui/react-hover-card,License and flags are package-lock declarations; distributed package license texts were not inspected.
npm-lock,@radix-ui/react-compose-refs,1.1.5,MIT,transitive,node_modules/@radix-ui/react-hover-card/node_modules/@radix-ui/react-compose-refs,false,false,false,https://registry.npmjs.org/@radix-ui/react-compose-refs/-/react-compose-refs-1.1.5.tgz,public_recorded,cutnote/package-lock.json#packages/node_modules/@radix-ui/react-hover-card/node_modules/@radix-ui/react-compose-refs,License and flags are package-lock declarations; distributed package license texts were not inspected.
npm-lock,@radix-ui/react-id,1.1.4,MIT,transitive,node_modules/@radix-ui/react-id,false,false,false,https://registry.npmjs.org/@radix-ui/react-id/-/react-id-1.1.4.tgz,public_recorded,cutnote/package-lock.json#packages/node_modules/@radix-ui/react-id,License and flags are package-lock declarations; distributed package license texts were not inspected.
npm-lock,@radix-ui/react-label,2.1.15,MIT,transitive,node_modules/@radix-ui/react-label,false,false,false,https://registry.npmjs.org/@radix-ui/react-label/-/react-label-2.1.15.tgz,public_recorded,cutnote/package-lock.json#packages/node_modules/@radix-ui/react-label,License and flags are package-lock declarations; distributed package license texts were not inspected.
npm-lock,@radix-ui/react-menu,2.1.24,MIT,transitive,node_modules/@radix-ui/react-menu,false,false,false,https://registry.npmjs.org/@radix-ui/react-menu/-/react-menu-2.1.24.tgz,public_recorded,cutnote/package-lock.json#packages/node_modules/@radix-ui/react-menu,License and flags are package-lock declarations; distributed package license texts were not inspected.
npm-lock,@radix-ui/react-compose-refs,1.1.5,MIT,transitive,node_modules/@radix-ui/react-menu/node_modules/@radix-ui/react-compose-refs,false,false,false,https://registry.npmjs.org/@radix-ui/react-compose-refs/-/react-compose-refs-1.1.5.tgz,public_recorded,cutnote/package-lock.json#packages/node_modules/@radix-ui/react-menu/node_modules/@radix-ui/react-compose-refs,License and flags are package-lock declarations; distributed package license texts were not inspected.
npm-lock,@radix-ui/react-slot,1.3.3,MIT,transitive,node_modules/@radix-ui/react-menu/node_modules/@radix-ui/react-slot,false,false,false,https://registry.npmjs.org/@radix-ui/react-slot/-/react-slot-1.3.3.tgz,public_recorded,cutnote/package-lock.json#packages/node_modules/@radix-ui/react-menu/node_modules/@radix-ui/react-slot,License and flags are package-lock declarations; distributed package license texts were not inspected.
npm-lock,@radix-ui/react-menubar,1.1.24,MIT,transitive,node_modules/@radix-ui/react-menubar,false,false,false,https://registry.npmjs.org/@radix-ui/react-menubar/-/react-menubar-1.1.24.tgz,public_recorded,cutnote/package-lock.json#packages/node_modules/@radix-ui/react-menubar,License and flags are package-lock declarations; distributed package license texts were not inspected.
npm-lock,@radix-ui/react-compose-refs,1.1.5,MIT,transitive,node_modules/@radix-ui/react-menubar/node_modules/@radix-ui/react-compose-refs,false,false,false,https://registry.npmjs.org/@radix-ui/react-compose-refs/-/react-compose-refs-1.1.5.tgz,public_recorded,cutnote/package-lock.json#packages/node_modules/@radix-ui/react-menubar/node_modules/@radix-ui/react-compose-refs,License and flags are package-lock declarations; distributed package license texts were not inspected.
npm-lock,@radix-ui/react-navigation-menu,1.2.22,MIT,transitive,node_modules/@radix-ui/react-navigation-menu,false,false,false,https://registry.npmjs.org/@radix-ui/react-navigation-menu/-/react-navigation-menu-1.2.22.tgz,public_recorded,cutnote/package-lock.json#packages/node_modules/@radix-ui/react-navigation-menu,License and flags are package-lock declarations; distributed package license texts were not inspected.
npm-lock,@radix-ui/react-compose-refs,1.1.5,MIT,transitive,node_modules/@radix-ui/react-navigation-menu/node_modules/@radix-ui/react-compose-refs,false,false,false,https://registry.npmjs.org/@radix-ui/react-compose-refs/-/react-compose-refs-1.1.5.tgz,public_recorded,cutnote/package-lock.json#packages/node_modules/@radix-ui/react-navigation-menu/node_modules/@radix-ui/react-compose-refs,License and flags are package-lock declarations; distributed package license texts were not inspected.
npm-lock,@radix-ui/react-one-time-password-field,0.1.16,MIT,transitive,node_modules/@radix-ui/react-one-time-password-field,false,false,false,https://registry.npmjs.org/@radix-ui/react-one-time-password-field/-/react-one-time-password-field-0.1.16.tgz,public_recorded,cutnote/package-lock.json#packages/node_modules/@radix-ui/react-one-time-password-field,License and flags are package-lock declarations; distributed package license texts were not inspected.
npm-lock,@radix-ui/react-compose-refs,1.1.5,MIT,transitive,node_modules/@radix-ui/react-one-time-password-field/node_modules/@radix-ui/react-compose-refs,false,false,false,https://registry.npmjs.org/@radix-ui/react-compose-refs/-/react-compose-refs-1.1.5.tgz,public_recorded,cutnote/package-lock.json#packages/node_modules/@radix-ui/react-one-time-password-field/node_modules/@radix-ui/react-compose-refs,License and flags are package-lock declarations; distributed package license texts were not inspected.
npm-lock,@radix-ui/react-password-toggle-field,0.1.11,MIT,transitive,node_modules/@radix-ui/react-password-toggle-field,false,false,false,https://registry.npmjs.org/@radix-ui/react-password-toggle-field/-/react-password-toggle-field-0.1.11.tgz,public_recorded,cutnote/package-lock.json#packages/node_modules/@radix-ui/react-password-toggle-field,License and flags are package-lock declarations; distributed package license texts were not inspected.
npm-lock,@radix-ui/react-compose-refs,1.1.5,MIT,transitive,node_modules/@radix-ui/react-password-toggle-field/node_modules/@radix-ui/react-compose-refs,false,false,false,https://registry.npmjs.org/@radix-ui/react-compose-refs/-/react-compose-refs-1.1.5.tgz,public_recorded,cutnote/package-lock.json#packages/node_modules/@radix-ui/react-password-toggle-field/node_modules/@radix-ui/react-compose-refs,License and flags are package-lock declarations; distributed package license texts were not inspected.
npm-lock,@radix-ui/react-popover,1.1.23,MIT,transitive,node_modules/@radix-ui/react-popover,false,false,false,https://registry.npmjs.org/@radix-ui/react-popover/-/react-popover-1.1.23.tgz,public_recorded,cutnote/package-lock.json#packages/node_modules/@radix-ui/react-popover,License and flags are package-lock declarations; distributed package license texts were not inspected.
npm-lock,@radix-ui/react-compose-refs,1.1.5,MIT,transitive,node_modules/@radix-ui/react-popover/node_modules/@radix-ui/react-compose-refs,false,false,false,https://registry.npmjs.org/@radix-ui/react-compose-refs/-/react-compose-refs-1.1.5.tgz,public_recorded,cutnote/package-lock.json#packages/node_modules/@radix-ui/react-popover/node_modules/@radix-ui/react-compose-refs,License and flags are package-lock declarations; distributed package license texts were not inspected.
npm-lock,@radix-ui/react-slot,1.3.3,MIT,transitive,node_modules/@radix-ui/react-popover/node_modules/@radix-ui/react-slot,false,false,false,https://registry.npmjs.org/@radix-ui/react-slot/-/react-slot-1.3.3.tgz,public_recorded,cutnote/package-lock.json#packages/node_modules/@radix-ui/react-popover/node_modules/@radix-ui/react-slot,License and flags are package-lock declarations; distributed package license texts were not inspected.
npm-lock,@radix-ui/react-popper,1.3.7,MIT,transitive,node_modules/@radix-ui/react-popper,false,false,false,https://registry.npmjs.org/@radix-ui/react-popper/-/react-popper-1.3.7.tgz,public_recorded,cutnote/package-lock.json#packages/node_modules/@radix-ui/react-popper,License and flags are package-lock declarations; distributed package license texts were not inspected.
npm-lock,@radix-ui/react-compose-refs,1.1.5,MIT,transitive,node_modules/@radix-ui/react-popper/node_modules/@radix-ui/react-compose-refs,false,false,false,https://registry.npmjs.org/@radix-ui/react-compose-refs/-/react-compose-refs-1.1.5.tgz,public_recorded,cutnote/package-lock.json#packages/node_modules/@radix-ui/react-popper/node_modules/@radix-ui/react-compose-refs,License and flags are package-lock declarations; distributed package license texts were not inspected.
npm-lock,@radix-ui/react-portal,1.1.17,MIT,transitive,node_modules/@radix-ui/react-portal,false,false,false,https://registry.npmjs.org/@radix-ui/react-portal/-/react-portal-1.1.17.tgz,public_recorded,cutnote/package-lock.json#packages/node_modules/@radix-ui/react-portal,License and flags are package-lock declarations; distributed package license texts were not inspected.
npm-lock,@radix-ui/react-presence,1.1.10,MIT,transitive,node_modules/@radix-ui/react-presence,false,false,false,https://registry.npmjs.org/@radix-ui/react-presence/-/react-presence-1.1.10.tgz,public_recorded,cutnote/package-lock.json#packages/node_modules/@radix-ui/react-presence,License and flags are package-lock declarations; distributed package license texts were not inspected.
npm-lock,@radix-ui/react-primitive,2.1.10,MIT,transitive,node_modules/@radix-ui/react-primitive,false,false,false,https://registry.npmjs.org/@radix-ui/react-primitive/-/react-primitive-2.1.10.tgz,public_recorded,cutnote/package-lock.json#packages/node_modules/@radix-ui/react-primitive,License and flags are package-lock declarations; distributed package license texts were not inspected.
npm-lock,@radix-ui/react-compose-refs,1.1.5,MIT,transitive,node_modules/@radix-ui/react-primitive/node_modules/@radix-ui/react-compose-refs,false,false,false,https://registry.npmjs.org/@radix-ui/react-compose-refs/-/react-compose-refs-1.1.5.tgz,public_recorded,cutnote/package-lock.json#packages/node_modules/@radix-ui/react-primitive/node_modules/@radix-ui/react-compose-refs,License and flags are package-lock declarations; distributed package license texts were not inspected.
npm-lock,@radix-ui/react-slot,1.3.3,MIT,transitive,node_modules/@radix-ui/react-primitive/node_modules/@radix-ui/react-slot,false,false,false,https://registry.npmjs.org/@radix-ui/react-slot/-/react-slot-1.3.3.tgz,public_recorded,cutnote/package-lock.json#packages/node_modules/@radix-ui/react-primitive/node_modules/@radix-ui/react-slot,License and flags are package-lock declarations; distributed package license texts were not inspected.
npm-lock,@radix-ui/react-progress,1.1.16,MIT,transitive,node_modules/@radix-ui/react-progress,false,false,false,https://registry.npmjs.org/@radix-ui/react-progress/-/react-progress-1.1.16.tgz,public_recorded,cutnote/package-lock.json#packages/node_modules/@radix-ui/react-progress,License and flags are package-lock declarations; distributed package license texts were not inspected.
npm-lock,@radix-ui/react-radio-group,1.4.7,MIT,transitive,node_modules/@radix-ui/react-radio-group,false,false,false,https://registry.npmjs.org/@radix-ui/react-radio-group/-/react-radio-group-1.4.7.tgz,public_recorded,cutnote/package-lock.json#packages/node_modules/@radix-ui/react-radio-group,License and flags are package-lock declarations; distributed package license texts were not inspected.
npm-lock,@radix-ui/react-compose-refs,1.1.5,MIT,transitive,node_modules/@radix-ui/react-radio-group/node_modules/@radix-ui/react-compose-refs,false,false,false,https://registry.npmjs.org/@radix-ui/react-compose-refs/-/react-compose-refs-1.1.5.tgz,public_recorded,cutnote/package-lock.json#packages/node_modules/@radix-ui/react-radio-group/node_modules/@radix-ui/react-compose-refs,License and flags are package-lock declarations; distributed package license texts were not inspected.
npm-lock,@radix-ui/react-roving-focus,1.1.19,MIT,transitive,node_modules/@radix-ui/react-roving-focus,false,false,false,https://registry.npmjs.org/@radix-ui/react-roving-focus/-/react-roving-focus-1.1.19.tgz,public_recorded,cutnote/package-lock.json#packages/node_modules/@radix-ui/react-roving-focus,License and flags are package-lock declarations; distributed package license texts were not inspected.
npm-lock,@radix-ui/react-compose-refs,1.1.5,MIT,transitive,node_modules/@radix-ui/react-roving-focus/node_modules/@radix-ui/react-compose-refs,false,false,false,https://registry.npmjs.org/@radix-ui/react-compose-refs/-/react-compose-refs-1.1.5.tgz,public_recorded,cutnote/package-lock.json#packages/node_modules/@radix-ui/react-roving-focus/node_modules/@radix-ui/react-compose-refs,License and flags are package-lock declarations; distributed package license texts were not inspected.
npm-lock,@radix-ui/react-scroll-area,1.2.18,MIT,transitive,node_modules/@radix-ui/react-scroll-area,false,false,false,https://registry.npmjs.org/@radix-ui/react-scroll-area/-/react-scroll-area-1.2.18.tgz,public_recorded,cutnote/package-lock.json#packages/node_modules/@radix-ui/react-scroll-area,License and flags are package-lock declarations; distributed package license texts were not inspected.
npm-lock,@radix-ui/react-compose-refs,1.1.5,MIT,transitive,node_modules/@radix-ui/react-scroll-area/node_modules/@radix-ui/react-compose-refs,false,false,false,https://registry.npmjs.org/@radix-ui/react-compose-refs/-/react-compose-refs-1.1.5.tgz,public_recorded,cutnote/package-lock.json#packages/node_modules/@radix-ui/react-scroll-area/node_modules/@radix-ui/react-compose-refs,License and flags are package-lock declarations; distributed package license texts were not inspected.
npm-lock,@radix-ui/react-select,2.3.7,MIT,transitive,node_modules/@radix-ui/react-select,false,false,false,https://registry.npmjs.org/@radix-ui/react-select/-/react-select-2.3.7.tgz,public_recorded,cutnote/package-lock.json#packages/node_modules/@radix-ui/react-select,License and flags are package-lock declarations; distributed package license texts were not inspected.
npm-lock,@radix-ui/react-compose-refs,1.1.5,MIT,transitive,node_modules/@radix-ui/react-select/node_modules/@radix-ui/react-compose-refs,false,false,false,https://registry.npmjs.org/@radix-ui/react-compose-refs/-/react-compose-refs-1.1.5.tgz,public_recorded,cutnote/package-lock.json#packages/node_modules/@radix-ui/react-select/node_modules/@radix-ui/react-compose-refs,License and flags are package-lock declarations; distributed package license texts were not inspected.
npm-lock,@radix-ui/react-slot,1.3.3,MIT,transitive,node_modules/@radix-ui/react-select/node_modules/@radix-ui/react-slot,false,false,false,https://registry.npmjs.org/@radix-ui/react-slot/-/react-slot-1.3.3.tgz,public_recorded,cutnote/package-lock.json#packages/node_modules/@radix-ui/react-select/node_modules/@radix-ui/react-slot,License and flags are package-lock declarations; distributed package license texts were not inspected.
npm-lock,@radix-ui/react-separator,1.1.15,MIT,transitive,node_modules/@radix-ui/react-separator,false,false,false,https://registry.npmjs.org/@radix-ui/react-separator/-/react-separator-1.1.15.tgz,public_recorded,cutnote/package-lock.json#packages/node_modules/@radix-ui/react-separator,License and flags are package-lock declarations; distributed package license texts were not inspected.
npm-lock,@radix-ui/react-slider,1.4.7,MIT,transitive,node_modules/@radix-ui/react-slider,false,false,false,https://registry.npmjs.org/@radix-ui/react-slider/-/react-slider-1.4.7.tgz,public_recorded,cutnote/package-lock.json#packages/node_modules/@radix-ui/react-slider,License and flags are package-lock declarations; distributed package license texts were not inspected.
npm-lock,@radix-ui/react-compose-refs,1.1.5,MIT,transitive,node_modules/@radix-ui/react-slider/node_modules/@radix-ui/react-compose-refs,false,false,false,https://registry.npmjs.org/@radix-ui/react-compose-refs/-/react-compose-refs-1.1.5.tgz,public_recorded,cutnote/package-lock.json#packages/node_modules/@radix-ui/react-slider/node_modules/@radix-ui/react-compose-refs,License and flags are package-lock declarations; distributed package license texts were not inspected.
npm-lock,@radix-ui/react-switch,1.3.7,MIT,transitive,node_modules/@radix-ui/react-switch,false,false,false,https://registry.npmjs.org/@radix-ui/react-switch/-/react-switch-1.3.7.tgz,public_recorded,cutnote/package-lock.json#packages/node_modules/@radix-ui/react-switch,License and flags are package-lock declarations; distributed package license texts were not inspected.
npm-lock,@radix-ui/react-compose-refs,1.1.5,MIT,transitive,node_modules/@radix-ui/react-switch/node_modules/@radix-ui/react-compose-refs,false,false,false,https://registry.npmjs.org/@radix-ui/react-compose-refs/-/react-compose-refs-1.1.5.tgz,public_recorded,cutnote/package-lock.json#packages/node_modules/@radix-ui/react-switch/node_modules/@radix-ui/react-compose-refs,License and flags are package-lock declarations; distributed package license texts were not inspected.
npm-lock,@radix-ui/react-tabs,1.1.21,MIT,transitive,node_modules/@radix-ui/react-tabs,false,false,false,https://registry.npmjs.org/@radix-ui/react-tabs/-/react-tabs-1.1.21.tgz,public_recorded,cutnote/package-lock.json#packages/node_modules/@radix-ui/react-tabs,License and flags are package-lock declarations; distributed package license texts were not inspected.
npm-lock,@radix-ui/react-toast,1.2.23,MIT,transitive,node_modules/@radix-ui/react-toast,false,false,false,https://registry.npmjs.org/@radix-ui/react-toast/-/react-toast-1.2.23.tgz,public_recorded,cutnote/package-lock.json#packages/node_modules/@radix-ui/react-toast,License and flags are package-lock declarations; distributed package license texts were not inspected.
npm-lock,@radix-ui/react-compose-refs,1.1.5,MIT,transitive,node_modules/@radix-ui/react-toast/node_modules/@radix-ui/react-compose-refs,false,false,false,https://registry.npmjs.org/@radix-ui/react-compose-refs/-/react-compose-refs-1.1.5.tgz,public_recorded,cutnote/package-lock.json#packages/node_modules/@radix-ui/react-toast/node_modules/@radix-ui/react-compose-refs,License and flags are package-lock declarations; distributed package license texts were not inspected.
npm-lock,@radix-ui/react-toggle,1.1.18,MIT,transitive,node_modules/@radix-ui/react-toggle,false,false,false,https://registry.npmjs.org/@radix-ui/react-toggle/-/react-toggle-1.1.18.tgz,public_recorded,cutnote/package-lock.json#packages/node_modules/@radix-ui/react-toggle,License and flags are package-lock declarations; distributed package license texts were not inspected.
npm-lock,@radix-ui/react-toggle-group,1.1.19,MIT,transitive,node_modules/@radix-ui/react-toggle-group,false,false,false,https://registry.npmjs.org/@radix-ui/react-toggle-group/-/react-toggle-group-1.1.19.tgz,public_recorded,cutnote/package-lock.json#packages/node_modules/@radix-ui/react-toggle-group,License and flags are package-lock declarations; distributed package license texts were not inspected.
npm-lock,@radix-ui/react-toolbar,1.1.19,MIT,transitive,node_modules/@radix-ui/react-toolbar,false,false,false,https://registry.npmjs.org/@radix-ui/react-toolbar/-/react-toolbar-1.1.19.tgz,public_recorded,cutnote/package-lock.json#packages/node_modules/@radix-ui/react-toolbar,License and flags are package-lock declarations; distributed package license texts were not inspected.
npm-lock,@radix-ui/react-tooltip,1.2.16,MIT,transitive,node_modules/@radix-ui/react-tooltip,false,false,false,https://registry.npmjs.org/@radix-ui/react-tooltip/-/react-tooltip-1.2.16.tgz,public_recorded,cutnote/package-lock.json#packages/node_modules/@radix-ui/react-tooltip,License and flags are package-lock declarations; distributed package license texts were not inspected.
npm-lock,@radix-ui/react-compose-refs,1.1.5,MIT,transitive,node_modules/@radix-ui/react-tooltip/node_modules/@radix-ui/react-compose-refs,false,false,false,https://registry.npmjs.org/@radix-ui/react-compose-refs/-/react-compose-refs-1.1.5.tgz,public_recorded,cutnote/package-lock.json#packages/node_modules/@radix-ui/react-tooltip/node_modules/@radix-ui/react-compose-refs,License and flags are package-lock declarations; distributed package license texts were not inspected.
npm-lock,@radix-ui/react-slot,1.3.3,MIT,transitive,node_modules/@radix-ui/react-tooltip/node_modules/@radix-ui/react-slot,false,false,false,https://registry.npmjs.org/@radix-ui/react-slot/-/react-slot-1.3.3.tgz,public_recorded,cutnote/package-lock.json#packages/node_modules/@radix-ui/react-tooltip/node_modules/@radix-ui/react-slot,License and flags are package-lock declarations; distributed package license texts were not inspected.
npm-lock,@radix-ui/react-use-callback-ref,1.1.4,MIT,transitive,node_modules/@radix-ui/react-use-callback-ref,false,false,false,https://registry.npmjs.org/@radix-ui/react-use-callback-ref/-/react-use-callback-ref-1.1.4.tgz,public_recorded,cutnote/package-lock.json#packages/node_modules/@radix-ui/react-use-callback-ref,License and flags are package-lock declarations; distributed package license texts were not inspected.
npm-lock,@radix-ui/react-use-controllable-state,1.2.6,MIT,transitive,node_modules/@radix-ui/react-use-controllable-state,false,false,false,https://registry.npmjs.org/@radix-ui/react-use-controllable-state/-/react-use-controllable-state-1.2.6.tgz,public_recorded,cutnote/package-lock.json#packages/node_modules/@radix-ui/react-use-controllable-state,License and flags are package-lock declarations; distributed package license texts were not inspected.
npm-lock,@radix-ui/react-use-effect-event,0.0.5,MIT,transitive,node_modules/@radix-ui/react-use-effect-event,false,false,false,https://registry.npmjs.org/@radix-ui/react-use-effect-event/-/react-use-effect-event-0.0.5.tgz,public_recorded,cutnote/package-lock.json#packages/node_modules/@radix-ui/react-use-effect-event,License and flags are package-lock declarations; distributed package license texts were not inspected.
npm-lock,@radix-ui/react-use-escape-keydown,1.1.5,MIT,transitive,node_modules/@radix-ui/react-use-escape-keydown,false,false,false,https://registry.npmjs.org/@radix-ui/react-use-escape-keydown/-/react-use-escape-keydown-1.1.5.tgz,public_recorded,cutnote/package-lock.json#packages/node_modules/@radix-ui/react-use-escape-keydown,License and flags are package-lock declarations; distributed package license texts were not inspected.
npm-lock,@radix-ui/react-use-is-hydrated,0.1.3,MIT,transitive,node_modules/@radix-ui/react-use-is-hydrated,false,false,false,https://registry.npmjs.org/@radix-ui/react-use-is-hydrated/-/react-use-is-hydrated-0.1.3.tgz,public_recorded,cutnote/package-lock.json#packages/node_modules/@radix-ui/react-use-is-hydrated,License and flags are package-lock declarations; distributed package license texts were not inspected.
npm-lock,@radix-ui/react-use-layout-effect,1.1.4,MIT,transitive,node_modules/@radix-ui/react-use-layout-effect,false,false,false,https://registry.npmjs.org/@radix-ui/react-use-layout-effect/-/react-use-layout-effect-1.1.4.tgz,public_recorded,cutnote/package-lock.json#packages/node_modules/@radix-ui/react-use-layout-effect,License and flags are package-lock declarations; distributed package license texts were not inspected.
npm-lock,@radix-ui/react-use-previous,1.1.4,MIT,transitive,node_modules/@radix-ui/react-use-previous,false,false,false,https://registry.npmjs.org/@radix-ui/react-use-previous/-/react-use-previous-1.1.4.tgz,public_recorded,cutnote/package-lock.json#packages/node_modules/@radix-ui/react-use-previous,License and flags are package-lock declarations; distributed package license texts were not inspected.
npm-lock,@radix-ui/react-use-rect,1.1.4,MIT,transitive,node_modules/@radix-ui/react-use-rect,false,false,false,https://registry.npmjs.org/@radix-ui/react-use-rect/-/react-use-rect-1.1.4.tgz,public_recorded,cutnote/package-lock.json#packages/node_modules/@radix-ui/react-use-rect,License and flags are package-lock declarations; distributed package license texts were not inspected.
npm-lock,@radix-ui/react-use-size,1.1.4,MIT,transitive,node_modules/@radix-ui/react-use-size,false,false,false,https://registry.npmjs.org/@radix-ui/react-use-size/-/react-use-size-1.1.4.tgz,public_recorded,cutnote/package-lock.json#packages/node_modules/@radix-ui/react-use-size,License and flags are package-lock declarations; distributed package license texts were not inspected.
npm-lock,@radix-ui/react-visually-hidden,1.2.11,MIT,transitive,node_modules/@radix-ui/react-visually-hidden,false,false,false,https://registry.npmjs.org/@radix-ui/react-visually-hidden/-/react-visually-hidden-1.2.11.tgz,public_recorded,cutnote/package-lock.json#packages/node_modules/@radix-ui/react-visually-hidden,License and flags are package-lock declarations; distributed package license texts were not inspected.
npm-lock,@radix-ui/rect,1.1.3,MIT,transitive,node_modules/@radix-ui/rect,false,false,false,https://registry.npmjs.org/@radix-ui/rect/-/rect-1.1.3.tgz,public_recorded,cutnote/package-lock.json#packages/node_modules/@radix-ui/rect,License and flags are package-lock declarations; distributed package license texts were not inspected.
npm-lock,@reduxjs/toolkit,2.12.0,MIT,transitive,node_modules/@reduxjs/toolkit,false,false,false,https://registry.npmjs.org/@reduxjs/toolkit/-/toolkit-2.12.0.tgz,public_recorded,cutnote/package-lock.json#packages/node_modules/@reduxjs/toolkit,License and flags are package-lock declarations; distributed package license texts were not inspected.
npm-lock,immer,11.1.16,MIT,transitive,node_modules/@reduxjs/toolkit/node_modules/immer,false,false,false,https://registry.npmjs.org/immer/-/immer-11.1.16.tgz,public_recorded,cutnote/package-lock.json#packages/node_modules/@reduxjs/toolkit/node_modules/immer,License and flags are package-lock declarations; distributed package license texts were not inspected.
npm-lock,@resvg/resvg-wasm,2.4.0,MPL-2.0,transitive,node_modules/@resvg/resvg-wasm,true,false,false,https://registry.npmjs.org/@resvg/resvg-wasm/-/resvg-wasm-2.4.0.tgz,public_recorded,cutnote/package-lock.json#packages/node_modules/@resvg/resvg-wasm,License and flags are package-lock declarations; distributed package license texts were not inspected.
npm-lock,@rolldown/binding-android-arm64,1.0.1,MIT,transitive,node_modules/@rolldown/binding-android-arm64,true,true,false,https://registry.npmjs.org/@rolldown/binding-android-arm64/-/binding-android-arm64-1.0.1.tgz,public_recorded,cutnote/package-lock.json#packages/node_modules/@rolldown/binding-android-arm64,License and flags are package-lock declarations; distributed package license texts were not inspected.
npm-lock,@rolldown/binding-darwin-arm64,1.0.1,MIT,transitive,node_modules/@rolldown/binding-darwin-arm64,true,true,false,https://registry.npmjs.org/@rolldown/binding-darwin-arm64/-/binding-darwin-arm64-1.0.1.tgz,public_recorded,cutnote/package-lock.json#packages/node_modules/@rolldown/binding-darwin-arm64,License and flags are package-lock declarations; distributed package license texts were not inspected.
npm-lock,@rolldown/binding-darwin-x64,1.0.1,MIT,transitive,node_modules/@rolldown/binding-darwin-x64,true,true,false,https://registry.npmjs.org/@rolldown/binding-darwin-x64/-/binding-darwin-x64-1.0.1.tgz,public_recorded,cutnote/package-lock.json#packages/node_modules/@rolldown/binding-darwin-x64,License and flags are package-lock declarations; distributed package license texts were not inspected.
npm-lock,@rolldown/binding-freebsd-x64,1.0.1,MIT,transitive,node_modules/@rolldown/binding-freebsd-x64,true,true,false,https://registry.npmjs.org/@rolldown/binding-freebsd-x64/-/binding-freebsd-x64-1.0.1.tgz,public_recorded,cutnote/package-lock.json#packages/node_modules/@rolldown/binding-freebsd-x64,License and flags are package-lock declarations; distributed package license texts were not inspected.
npm-lock,@rolldown/binding-linux-arm-gnueabihf,1.0.1,MIT,transitive,node_modules/@rolldown/binding-linux-arm-gnueabihf,true,true,false,https://registry.npmjs.org/@rolldown/binding-linux-arm-gnueabihf/-/binding-linux-arm-gnueabihf-1.0.1.tgz,public_recorded,cutnote/package-lock.json#packages/node_modules/@rolldown/binding-linux-arm-gnueabihf,License and flags are package-lock declarations; distributed package license texts were not inspected.
npm-lock,@rolldown/binding-linux-arm64-gnu,1.0.1,MIT,transitive,node_modules/@rolldown/binding-linux-arm64-gnu,true,true,false,https://registry.npmjs.org/@rolldown/binding-linux-arm64-gnu/-/binding-linux-arm64-gnu-1.0.1.tgz,public_recorded,cutnote/package-lock.json#packages/node_modules/@rolldown/binding-linux-arm64-gnu,License and flags are package-lock declarations; distributed package license texts were not inspected.
npm-lock,@rolldown/binding-linux-arm64-musl,1.0.1,MIT,transitive,node_modules/@rolldown/binding-linux-arm64-musl,true,true,false,https://registry.npmjs.org/@rolldown/binding-linux-arm64-musl/-/binding-linux-arm64-musl-1.0.1.tgz,public_recorded,cutnote/package-lock.json#packages/node_modules/@rolldown/binding-linux-arm64-musl,License and flags are package-lock declarations; distributed package license texts were not inspected.
npm-lock,@rolldown/binding-linux-ppc64-gnu,1.0.1,MIT,transitive,node_modules/@rolldown/binding-linux-ppc64-gnu,true,true,false,https://registry.npmjs.org/@rolldown/binding-linux-ppc64-gnu/-/binding-linux-ppc64-gnu-1.0.1.tgz,public_recorded,cutnote/package-lock.json#packages/node_modules/@rolldown/binding-linux-ppc64-gnu,License and flags are package-lock declarations; distributed package license texts were not inspected.
npm-lock,@rolldown/binding-linux-s390x-gnu,1.0.1,MIT,transitive,node_modules/@rolldown/binding-linux-s390x-gnu,true,true,false,https://registry.npmjs.org/@rolldown/binding-linux-s390x-gnu/-/binding-linux-s390x-gnu-1.0.1.tgz,public_recorded,cutnote/package-lock.json#packages/node_modules/@rolldown/binding-linux-s390x-gnu,License and flags are package-lock declarations; distributed package license texts were not inspected.
npm-lock,@rolldown/binding-linux-x64-gnu,1.0.1,MIT,transitive,node_modules/@rolldown/binding-linux-x64-gnu,true,true,false,https://registry.npmjs.org/@rolldown/binding-linux-x64-gnu/-/binding-linux-x64-gnu-1.0.1.tgz,public_recorded,cutnote/package-lock.json#packages/node_modules/@rolldown/binding-linux-x64-gnu,License and flags are package-lock declarations; distributed package license texts were not inspected.
npm-lock,@rolldown/binding-linux-x64-musl,1.0.1,MIT,transitive,node_modules/@rolldown/binding-linux-x64-musl,true,true,false,https://registry.npmjs.org/@rolldown/binding-linux-x64-musl/-/binding-linux-x64-musl-1.0.1.tgz,public_recorded,cutnote/package-lock.json#packages/node_modules/@rolldown/binding-linux-x64-musl,License and flags are package-lock declarations; distributed package license texts were not inspected.
npm-lock,@rolldown/binding-openharmony-arm64,1.0.1,MIT,transitive,node_modules/@rolldown/binding-openharmony-arm64,true,true,false,https://registry.npmjs.org/@rolldown/binding-openharmony-arm64/-/binding-openharmony-arm64-1.0.1.tgz,public_recorded,cutnote/package-lock.json#packages/node_modules/@rolldown/binding-openharmony-arm64,License and flags are package-lock declarations; distributed package license texts were not inspected.
npm-lock,@rolldown/binding-wasm32-wasi,1.0.1,MIT,transitive,node_modules/@rolldown/binding-wasm32-wasi,true,true,false,https://registry.npmjs.org/@rolldown/binding-wasm32-wasi/-/binding-wasm32-wasi-1.0.1.tgz,public_recorded,cutnote/package-lock.json#packages/node_modules/@rolldown/binding-wasm32-wasi,License and flags are package-lock declarations; distributed package license texts were not inspected.
npm-lock,@napi-rs/wasm-runtime,1.1.4,MIT,transitive,node_modules/@rolldown/binding-wasm32-wasi/node_modules/@napi-rs/wasm-runtime,true,true,false,https://registry.npmjs.org/@napi-rs/wasm-runtime/-/wasm-runtime-1.1.4.tgz,public_recorded,cutnote/package-lock.json#packages/node_modules/@rolldown/binding-wasm32-wasi/node_modules/@napi-rs/wasm-runtime,License and flags are package-lock declarations; distributed package license texts were not inspected.
npm-lock,@rolldown/binding-win32-arm64-msvc,1.0.1,MIT,transitive,node_modules/@rolldown/binding-win32-arm64-msvc,true,true,false,https://registry.npmjs.org/@rolldown/binding-win32-arm64-msvc/-/binding-win32-arm64-msvc-1.0.1.tgz,public_recorded,cutnote/package-lock.json#packages/node_modules/@rolldown/binding-win32-arm64-msvc,License and flags are package-lock declarations; distributed package license texts were not inspected.
npm-lock,@rolldown/binding-win32-x64-msvc,1.0.1,MIT,transitive,node_modules/@rolldown/binding-win32-x64-msvc,true,true,false,https://registry.npmjs.org/@rolldown/binding-win32-x64-msvc/-/binding-win32-x64-msvc-1.0.1.tgz,public_recorded,cutnote/package-lock.json#packages/node_modules/@rolldown/binding-win32-x64-msvc,License and flags are package-lock declarations; distributed package license texts were not inspected.
npm-lock,@rolldown/pluginutils,1.0.1,MIT,transitive,node_modules/@rolldown/pluginutils,true,false,false,https://registry.npmjs.org/@rolldown/pluginutils/-/pluginutils-1.0.1.tgz,public_recorded,cutnote/package-lock.json#packages/node_modules/@rolldown/pluginutils,License and flags are package-lock declarations; distributed package license texts were not inspected.
npm-lock,@rtsao/scc,1.1.0,MIT,transitive,node_modules/@rtsao/scc,true,false,false,https://registry.npmjs.org/@rtsao/scc/-/scc-1.1.0.tgz,public_recorded,cutnote/package-lock.json#packages/node_modules/@rtsao/scc,License and flags are package-lock declarations; distributed package license texts were not inspected.
npm-lock,@shadcn/react,0.3.0,MIT,direct-runtime,node_modules/@shadcn/react,false,false,false,https://registry.npmjs.org/@shadcn/react/-/react-0.3.0.tgz,public_recorded,cutnote/package-lock.json#packages/node_modules/@shadcn/react,License and flags are package-lock declarations; distributed package license texts were not inspected.
npm-lock,@shuding/opentype.js,1.4.0-beta.0,MIT,transitive,node_modules/@shuding/opentype.js,true,false,false,https://registry.npmjs.org/@shuding/opentype.js/-/opentype.js-1.4.0-beta.0.tgz,public_recorded,cutnote/package-lock.json#packages/node_modules/@shuding/opentype.js,License and flags are package-lock declarations; distributed package license texts were not inspected.
npm-lock,@sindresorhus/is,7.2.0,MIT,transitive,node_modules/@sindresorhus/is,true,false,false,https://registry.npmjs.org/@sindresorhus/is/-/is-7.2.0.tgz,public_recorded,cutnote/package-lock.json#packages/node_modules/@sindresorhus/is,License and flags are package-lock declarations; distributed package license texts were not inspected.
npm-lock,@speed-highlight/core,1.2.15,CC0-1.0,transitive,node_modules/@speed-highlight/core,true,false,false,https://registry.npmjs.org/@speed-highlight/core/-/core-1.2.15.tgz,public_recorded,cutnote/package-lock.json#packages/node_modules/@speed-highlight/core,License and flags are package-lock declarations; distributed package license texts were not inspected.
npm-lock,@standard-schema/spec,1.1.0,MIT,transitive,node_modules/@standard-schema/spec,false,false,false,https://registry.npmjs.org/@standard-schema/spec/-/spec-1.1.0.tgz,public_recorded,cutnote/package-lock.json#packages/node_modules/@standard-schema/spec,License and flags are package-lock declarations; distributed package license texts were not inspected.
npm-lock,@standard-schema/utils,0.3.0,MIT,transitive,node_modules/@standard-schema/utils,false,false,false,https://registry.npmjs.org/@standard-schema/utils/-/utils-0.3.0.tgz,public_recorded,cutnote/package-lock.json#packages/node_modules/@standard-schema/utils,License and flags are package-lock declarations; distributed package license texts were not inspected.
npm-lock,@swc/helpers,0.5.23,Apache-2.0,transitive,node_modules/@swc/helpers,false,false,false,https://registry.npmjs.org/@swc/helpers/-/helpers-0.5.23.tgz,public_recorded,cutnote/package-lock.json#packages/node_modules/@swc/helpers,License and flags are package-lock declarations; distributed package license texts were not inspected.
npm-lock,@tailwindcss/node,4.2.1,MIT,transitive,node_modules/@tailwindcss/node,true,false,false,https://registry.npmjs.org/@tailwindcss/node/-/node-4.2.1.tgz,public_recorded,cutnote/package-lock.json#packages/node_modules/@tailwindcss/node,License and flags are package-lock declarations; distributed package license texts were not inspected.
npm-lock,@tailwindcss/oxide,4.2.1,MIT,transitive,node_modules/@tailwindcss/oxide,true,false,false,https://registry.npmjs.org/@tailwindcss/oxide/-/oxide-4.2.1.tgz,public_recorded,cutnote/package-lock.json#packages/node_modules/@tailwindcss/oxide,License and flags are package-lock declarations; distributed package license texts were not inspected.
npm-lock,@tailwindcss/oxide-android-arm64,4.2.1,MIT,transitive,node_modules/@tailwindcss/oxide-android-arm64,true,true,false,https://registry.npmjs.org/@tailwindcss/oxide-android-arm64/-/oxide-android-arm64-4.2.1.tgz,public_recorded,cutnote/package-lock.json#packages/node_modules/@tailwindcss/oxide-android-arm64,License and flags are package-lock declarations; distributed package license texts were not inspected.
npm-lock,@tailwindcss/oxide-darwin-arm64,4.2.1,MIT,transitive,node_modules/@tailwindcss/oxide-darwin-arm64,true,true,false,https://registry.npmjs.org/@tailwindcss/oxide-darwin-arm64/-/oxide-darwin-arm64-4.2.1.tgz,public_recorded,cutnote/package-lock.json#packages/node_modules/@tailwindcss/oxide-darwin-arm64,License and flags are package-lock declarations; distributed package license texts were not inspected.
npm-lock,@tailwindcss/oxide-darwin-x64,4.2.1,MIT,transitive,node_modules/@tailwindcss/oxide-darwin-x64,true,true,false,https://registry.npmjs.org/@tailwindcss/oxide-darwin-x64/-/oxide-darwin-x64-4.2.1.tgz,public_recorded,cutnote/package-lock.json#packages/node_modules/@tailwindcss/oxide-darwin-x64,License and flags are package-lock declarations; distributed package license texts were not inspected.
npm-lock,@tailwindcss/oxide-freebsd-x64,4.2.1,MIT,transitive,node_modules/@tailwindcss/oxide-freebsd-x64,true,true,false,https://registry.npmjs.org/@tailwindcss/oxide-freebsd-x64/-/oxide-freebsd-x64-4.2.1.tgz,public_recorded,cutnote/package-lock.json#packages/node_modules/@tailwindcss/oxide-freebsd-x64,License and flags are package-lock declarations; distributed package license texts were not inspected.
npm-lock,@tailwindcss/oxide-linux-arm-gnueabihf,4.2.1,MIT,transitive,node_modules/@tailwindcss/oxide-linux-arm-gnueabihf,true,true,false,https://registry.npmjs.org/@tailwindcss/oxide-linux-arm-gnueabihf/-/oxide-linux-arm-gnueabihf-4.2.1.tgz,public_recorded,cutnote/package-lock.json#packages/node_modules/@tailwindcss/oxide-linux-arm-gnueabihf,License and flags are package-lock declarations; distributed package license texts were not inspected.
npm-lock,@tailwindcss/oxide-linux-arm64-gnu,4.2.1,MIT,transitive,node_modules/@tailwindcss/oxide-linux-arm64-gnu,true,true,false,https://registry.npmjs.org/@tailwindcss/oxide-linux-arm64-gnu/-/oxide-linux-arm64-gnu-4.2.1.tgz,public_recorded,cutnote/package-lock.json#packages/node_modules/@tailwindcss/oxide-linux-arm64-gnu,License and flags are package-lock declarations; distributed package license texts were not inspected.
npm-lock,@tailwindcss/oxide-linux-arm64-musl,4.2.1,MIT,transitive,node_modules/@tailwindcss/oxide-linux-arm64-musl,true,true,false,https://registry.npmjs.org/@tailwindcss/oxide-linux-arm64-musl/-/oxide-linux-arm64-musl-4.2.1.tgz,public_recorded,cutnote/package-lock.json#packages/node_modules/@tailwindcss/oxide-linux-arm64-musl,License and flags are package-lock declarations; distributed package license texts were not inspected.
npm-lock,@tailwindcss/oxide-linux-x64-gnu,4.2.1,MIT,transitive,node_modules/@tailwindcss/oxide-linux-x64-gnu,true,true,false,https://registry.npmjs.org/@tailwindcss/oxide-linux-x64-gnu/-/oxide-linux-x64-gnu-4.2.1.tgz,public_recorded,cutnote/package-lock.json#packages/node_modules/@tailwindcss/oxide-linux-x64-gnu,License and flags are package-lock declarations; distributed package license texts were not inspected.
npm-lock,@tailwindcss/oxide-linux-x64-musl,4.2.1,MIT,transitive,node_modules/@tailwindcss/oxide-linux-x64-musl,true,true,false,https://registry.npmjs.org/@tailwindcss/oxide-linux-x64-musl/-/oxide-linux-x64-musl-4.2.1.tgz,public_recorded,cutnote/package-lock.json#packages/node_modules/@tailwindcss/oxide-linux-x64-musl,License and flags are package-lock declarations; distributed package license texts were not inspected.
npm-lock,@tailwindcss/oxide-wasm32-wasi,4.2.1,MIT,transitive,node_modules/@tailwindcss/oxide-wasm32-wasi,true,true,false,https://registry.npmjs.org/@tailwindcss/oxide-wasm32-wasi/-/oxide-wasm32-wasi-4.2.1.tgz,public_recorded,cutnote/package-lock.json#packages/node_modules/@tailwindcss/oxide-wasm32-wasi,License and flags are package-lock declarations; distributed package license texts were not inspected.
npm-lock,@emnapi/core,1.8.1,MIT,transitive,node_modules/@tailwindcss/oxide-wasm32-wasi/node_modules/@emnapi/core,true,true,true,,not_recorded,cutnote/package-lock.json#packages/node_modules/@tailwindcss/oxide-wasm32-wasi/node_modules/@emnapi/core,License and flags are package-lock declarations; distributed package license texts were not inspected. No resolved URL is recorded; no URL was invented. Lock marks this dependency inBundle.
npm-lock,@emnapi/runtime,1.8.1,MIT,transitive,node_modules/@tailwindcss/oxide-wasm32-wasi/node_modules/@emnapi/runtime,true,true,true,,not_recorded,cutnote/package-lock.json#packages/node_modules/@tailwindcss/oxide-wasm32-wasi/node_modules/@emnapi/runtime,License and flags are package-lock declarations; distributed package license texts were not inspected. No resolved URL is recorded; no URL was invented. Lock marks this dependency inBundle.
npm-lock,@emnapi/wasi-threads,1.1.0,MIT,transitive,node_modules/@tailwindcss/oxide-wasm32-wasi/node_modules/@emnapi/wasi-threads,true,true,true,,not_recorded,cutnote/package-lock.json#packages/node_modules/@tailwindcss/oxide-wasm32-wasi/node_modules/@emnapi/wasi-threads,License and flags are package-lock declarations; distributed package license texts were not inspected. No resolved URL is recorded; no URL was invented. Lock marks this dependency inBundle.
npm-lock,@napi-rs/wasm-runtime,1.1.1,MIT,transitive,node_modules/@tailwindcss/oxide-wasm32-wasi/node_modules/@napi-rs/wasm-runtime,true,true,true,,not_recorded,cutnote/package-lock.json#packages/node_modules/@tailwindcss/oxide-wasm32-wasi/node_modules/@napi-rs/wasm-runtime,License and flags are package-lock declarations; distributed package license texts were not inspected. No resolved URL is recorded; no URL was invented. Lock marks this dependency inBundle.
npm-lock,@tybys/wasm-util,0.10.1,MIT,transitive,node_modules/@tailwindcss/oxide-wasm32-wasi/node_modules/@tybys/wasm-util,true,true,true,,not_recorded,cutnote/package-lock.json#packages/node_modules/@tailwindcss/oxide-wasm32-wasi/node_modules/@tybys/wasm-util,License and flags are package-lock declarations; distributed package license texts were not inspected. No resolved URL is recorded; no URL was invented. Lock marks this dependency inBundle.
npm-lock,tslib,2.8.1,0BSD,transitive,node_modules/@tailwindcss/oxide-wasm32-wasi/node_modules/tslib,true,true,true,,not_recorded,cutnote/package-lock.json#packages/node_modules/@tailwindcss/oxide-wasm32-wasi/node_modules/tslib,License and flags are package-lock declarations; distributed package license texts were not inspected. No resolved URL is recorded; no URL was invented. Lock marks this dependency inBundle.
npm-lock,@tailwindcss/oxide-win32-arm64-msvc,4.2.1,MIT,transitive,node_modules/@tailwindcss/oxide-win32-arm64-msvc,true,true,false,https://registry.npmjs.org/@tailwindcss/oxide-win32-arm64-msvc/-/oxide-win32-arm64-msvc-4.2.1.tgz,public_recorded,cutnote/package-lock.json#packages/node_modules/@tailwindcss/oxide-win32-arm64-msvc,License and flags are package-lock declarations; distributed package license texts were not inspected.
npm-lock,@tailwindcss/oxide-win32-x64-msvc,4.2.1,MIT,transitive,node_modules/@tailwindcss/oxide-win32-x64-msvc,true,true,false,https://registry.npmjs.org/@tailwindcss/oxide-win32-x64-msvc/-/oxide-win32-x64-msvc-4.2.1.tgz,public_recorded,cutnote/package-lock.json#packages/node_modules/@tailwindcss/oxide-win32-x64-msvc,License and flags are package-lock declarations; distributed package license texts were not inspected.
npm-lock,@tailwindcss/postcss,4.2.1,MIT,direct-dev,node_modules/@tailwindcss/postcss,true,false,false,https://registry.npmjs.org/@tailwindcss/postcss/-/postcss-4.2.1.tgz,public_recorded,cutnote/package-lock.json#packages/node_modules/@tailwindcss/postcss,License and flags are package-lock declarations; distributed package license texts were not inspected.
npm-lock,@tybys/wasm-util,0.10.2,MIT,transitive,node_modules/@tybys/wasm-util,true,true,false,https://registry.npmjs.org/@tybys/wasm-util/-/wasm-util-0.10.2.tgz,public_recorded,cutnote/package-lock.json#packages/node_modules/@tybys/wasm-util,License and flags are package-lock declarations; distributed package license texts were not inspected.
npm-lock,@types/d3-array,3.2.2,MIT,transitive,node_modules/@types/d3-array,false,false,false,https://registry.npmjs.org/@types/d3-array/-/d3-array-3.2.2.tgz,public_recorded,cutnote/package-lock.json#packages/node_modules/@types/d3-array,License and flags are package-lock declarations; distributed package license texts were not inspected.
npm-lock,@types/d3-color,3.1.3,MIT,transitive,node_modules/@types/d3-color,false,false,false,https://registry.npmjs.org/@types/d3-color/-/d3-color-3.1.3.tgz,public_recorded,cutnote/package-lock.json#packages/node_modules/@types/d3-color,License and flags are package-lock declarations; distributed package license texts were not inspected.
npm-lock,@types/d3-ease,3.0.2,MIT,transitive,node_modules/@types/d3-ease,false,false,false,https://registry.npmjs.org/@types/d3-ease/-/d3-ease-3.0.2.tgz,public_recorded,cutnote/package-lock.json#packages/node_modules/@types/d3-ease,License and flags are package-lock declarations; distributed package license texts were not inspected.
npm-lock,@types/d3-interpolate,3.0.4,MIT,transitive,node_modules/@types/d3-interpolate,false,false,false,https://registry.npmjs.org/@types/d3-interpolate/-/d3-interpolate-3.0.4.tgz,public_recorded,cutnote/package-lock.json#packages/node_modules/@types/d3-interpolate,License and flags are package-lock declarations; distributed package license texts were not inspected.
npm-lock,@types/d3-path,3.1.1,MIT,transitive,node_modules/@types/d3-path,false,false,false,https://registry.npmjs.org/@types/d3-path/-/d3-path-3.1.1.tgz,public_recorded,cutnote/package-lock.json#packages/node_modules/@types/d3-path,License and flags are package-lock declarations; distributed package license texts were not inspected.
npm-lock,@types/d3-scale,4.0.9,MIT,transitive,node_modules/@types/d3-scale,false,false,false,https://registry.npmjs.org/@types/d3-scale/-/d3-scale-4.0.9.tgz,public_recorded,cutnote/package-lock.json#packages/node_modules/@types/d3-scale,License and flags are package-lock declarations; distributed package license texts were not inspected.
npm-lock,@types/d3-shape,3.1.8,MIT,transitive,node_modules/@types/d3-shape,false,false,false,https://registry.npmjs.org/@types/d3-shape/-/d3-shape-3.1.8.tgz,public_recorded,cutnote/package-lock.json#packages/node_modules/@types/d3-shape,License and flags are package-lock declarations; distributed package license texts were not inspected.
npm-lock,@types/d3-time,3.0.4,MIT,transitive,node_modules/@types/d3-time,false,false,false,https://registry.npmjs.org/@types/d3-time/-/d3-time-3.0.4.tgz,public_recorded,cutnote/package-lock.json#packages/node_modules/@types/d3-time,License and flags are package-lock declarations; distributed package license texts were not inspected.
npm-lock,@types/d3-timer,3.0.2,MIT,transitive,node_modules/@types/d3-timer,false,false,false,https://registry.npmjs.org/@types/d3-timer/-/d3-timer-3.0.2.tgz,public_recorded,cutnote/package-lock.json#packages/node_modules/@types/d3-timer,License and flags are package-lock declarations; distributed package license texts were not inspected.
npm-lock,@types/eslint,9.6.1,MIT,transitive,node_modules/@types/eslint,true,false,false,https://registry.npmjs.org/@types/eslint/-/eslint-9.6.1.tgz,public_recorded,cutnote/package-lock.json#packages/node_modules/@types/eslint,License and flags are package-lock declarations; distributed package license texts were not inspected.
npm-lock,@types/eslint-scope,3.7.7,MIT,transitive,node_modules/@types/eslint-scope,true,false,false,https://registry.npmjs.org/@types/eslint-scope/-/eslint-scope-3.7.7.tgz,public_recorded,cutnote/package-lock.json#packages/node_modules/@types/eslint-scope,License and flags are package-lock declarations; distributed package license texts were not inspected.
npm-lock,@types/estree,1.0.9,MIT,transitive,node_modules/@types/estree,true,false,false,https://registry.npmjs.org/@types/estree/-/estree-1.0.9.tgz,public_recorded,cutnote/package-lock.json#packages/node_modules/@types/estree,License and flags are package-lock declarations; distributed package license texts were not inspected.
npm-lock,@types/json-schema,7.0.15,MIT,transitive,node_modules/@types/json-schema,true,false,false,https://registry.npmjs.org/@types/json-schema/-/json-schema-7.0.15.tgz,public_recorded,cutnote/package-lock.json#packages/node_modules/@types/json-schema,License and flags are package-lock declarations; distributed package license texts were not inspected.
npm-lock,@types/json5,0.0.29,MIT,transitive,node_modules/@types/json5,true,false,false,https://registry.npmjs.org/@types/json5/-/json5-0.0.29.tgz,public_recorded,cutnote/package-lock.json#packages/node_modules/@types/json5,License and flags are package-lock declarations; distributed package license texts were not inspected.
npm-lock,@types/node,22.19.19,MIT,direct-dev,node_modules/@types/node,true,false,false,https://registry.npmjs.org/@types/node/-/node-22.19.19.tgz,public_recorded,cutnote/package-lock.json#packages/node_modules/@types/node,License and flags are package-lock declarations; distributed package license texts were not inspected.
npm-lock,@types/react,19.2.14,MIT,direct-dev,node_modules/@types/react,false,false,false,https://registry.npmjs.org/@types/react/-/react-19.2.14.tgz,public_recorded,cutnote/package-lock.json#packages/node_modules/@types/react,License and flags are package-lock declarations; distributed package license texts were not inspected.
npm-lock,@types/react-dom,19.2.3,MIT,direct-dev,node_modules/@types/react-dom,false,false,false,https://registry.npmjs.org/@types/react-dom/-/react-dom-19.2.3.tgz,public_recorded,cutnote/package-lock.json#packages/node_modules/@types/react-dom,License and flags are package-lock declarations; distributed package license texts were not inspected.
npm-lock,@types/use-sync-external-store,0.0.6,MIT,transitive,node_modules/@types/use-sync-external-store,false,false,false,https://registry.npmjs.org/@types/use-sync-external-store/-/use-sync-external-store-0.0.6.tgz,public_recorded,cutnote/package-lock.json#packages/node_modules/@types/use-sync-external-store,License and flags are package-lock declarations; distributed package license texts were not inspected.
npm-lock,@typescript-eslint/eslint-plugin,8.59.3,MIT,transitive,node_modules/@typescript-eslint/eslint-plugin,true,false,false,https://registry.npmjs.org/@typescript-eslint/eslint-plugin/-/eslint-plugin-8.59.3.tgz,public_recorded,cutnote/package-lock.json#packages/node_modules/@typescript-eslint/eslint-plugin,License and flags are package-lock declarations; distributed package license texts were not inspected.
npm-lock,ignore,7.0.5,MIT,transitive,node_modules/@typescript-eslint/eslint-plugin/node_modules/ignore,true,false,false,https://registry.npmjs.org/ignore/-/ignore-7.0.5.tgz,public_recorded,cutnote/package-lock.json#packages/node_modules/@typescript-eslint/eslint-plugin/node_modules/ignore,License and flags are package-lock declarations; distributed package license texts were not inspected.
npm-lock,@typescript-eslint/parser,8.59.3,MIT,transitive,node_modules/@typescript-eslint/parser,true,false,false,https://registry.npmjs.org/@typescript-eslint/parser/-/parser-8.59.3.tgz,public_recorded,cutnote/package-lock.json#packages/node_modules/@typescript-eslint/parser,License and flags are package-lock declarations; distributed package license texts were not inspected.
npm-lock,@typescript-eslint/project-service,8.59.3,MIT,transitive,node_modules/@typescript-eslint/project-service,true,false,false,https://registry.npmjs.org/@typescript-eslint/project-service/-/project-service-8.59.3.tgz,public_recorded,cutnote/package-lock.json#packages/node_modules/@typescript-eslint/project-service,License and flags are package-lock declarations; distributed package license texts were not inspected.
npm-lock,@typescript-eslint/scope-manager,8.59.3,MIT,transitive,node_modules/@typescript-eslint/scope-manager,true,false,false,https://registry.npmjs.org/@typescript-eslint/scope-manager/-/scope-manager-8.59.3.tgz,public_recorded,cutnote/package-lock.json#packages/node_modules/@typescript-eslint/scope-manager,License and flags are package-lock declarations; distributed package license texts were not inspected.
npm-lock,@typescript-eslint/tsconfig-utils,8.59.3,MIT,transitive,node_modules/@typescript-eslint/tsconfig-utils,true,false,false,https://registry.npmjs.org/@typescript-eslint/tsconfig-utils/-/tsconfig-utils-8.59.3.tgz,public_recorded,cutnote/package-lock.json#packages/node_modules/@typescript-eslint/tsconfig-utils,License and flags are package-lock declarations; distributed package license texts were not inspected.
npm-lock,@typescript-eslint/type-utils,8.59.3,MIT,transitive,node_modules/@typescript-eslint/type-utils,true,false,false,https://registry.npmjs.org/@typescript-eslint/type-utils/-/type-utils-8.59.3.tgz,public_recorded,cutnote/package-lock.json#packages/node_modules/@typescript-eslint/type-utils,License and flags are package-lock declarations; distributed package license texts were not inspected.
npm-lock,@typescript-eslint/types,8.59.3,MIT,transitive,node_modules/@typescript-eslint/types,true,false,false,https://registry.npmjs.org/@typescript-eslint/types/-/types-8.59.3.tgz,public_recorded,cutnote/package-lock.json#packages/node_modules/@typescript-eslint/types,License and flags are package-lock declarations; distributed package license texts were not inspected.
npm-lock,@typescript-eslint/typescript-estree,8.59.3,MIT,transitive,node_modules/@typescript-eslint/typescript-estree,true,false,false,https://registry.npmjs.org/@typescript-eslint/typescript-estree/-/typescript-estree-8.59.3.tgz,public_recorded,cutnote/package-lock.json#packages/node_modules/@typescript-eslint/typescript-estree,License and flags are package-lock declarations; distributed package license texts were not inspected.
npm-lock,balanced-match,4.0.4,MIT,transitive,node_modules/@typescript-eslint/typescript-estree/node_modules/balanced-match,true,false,false,https://registry.npmjs.org/balanced-match/-/balanced-match-4.0.4.tgz,public_recorded,cutnote/package-lock.json#packages/node_modules/@typescript-eslint/typescript-estree/node_modules/balanced-match,License and flags are package-lock declarations; distributed package license texts were not inspected.
npm-lock,brace-expansion,5.0.6,MIT,transitive,node_modules/@typescript-eslint/typescript-estree/node_modules/brace-expansion,true,false,false,https://registry.npmjs.org/brace-expansion/-/brace-expansion-5.0.6.tgz,public_recorded,cutnote/package-lock.json#packages/node_modules/@typescript-eslint/typescript-estree/node_modules/brace-expansion,License and flags are package-lock declarations; distributed package license texts were not inspected.
npm-lock,minimatch,10.2.5,BlueOak-1.0.0,transitive,node_modules/@typescript-eslint/typescript-estree/node_modules/minimatch,true,false,false,https://registry.npmjs.org/minimatch/-/minimatch-10.2.5.tgz,public_recorded,cutnote/package-lock.json#packages/node_modules/@typescript-eslint/typescript-estree/node_modules/minimatch,License and flags are package-lock declarations; distributed package license texts were not inspected.
npm-lock,semver,7.8.0,ISC,transitive,node_modules/@typescript-eslint/typescript-estree/node_modules/semver,true,false,false,https://registry.npmjs.org/semver/-/semver-7.8.0.tgz,public_recorded,cutnote/package-lock.json#packages/node_modules/@typescript-eslint/typescript-estree/node_modules/semver,License and flags are package-lock declarations; distributed package license texts were not inspected.
npm-lock,@typescript-eslint/utils,8.59.3,MIT,transitive,node_modules/@typescript-eslint/utils,true,false,false,https://registry.npmjs.org/@typescript-eslint/utils/-/utils-8.59.3.tgz,public_recorded,cutnote/package-lock.json#packages/node_modules/@typescript-eslint/utils,License and flags are package-lock declarations; distributed package license texts were not inspected.
npm-lock,@typescript-eslint/visitor-keys,8.59.3,MIT,transitive,node_modules/@typescript-eslint/visitor-keys,true,false,false,https://registry.npmjs.org/@typescript-eslint/visitor-keys/-/visitor-keys-8.59.3.tgz,public_recorded,cutnote/package-lock.json#packages/node_modules/@typescript-eslint/visitor-keys,License and flags are package-lock declarations; distributed package license texts were not inspected.
npm-lock,eslint-visitor-keys,5.0.1,Apache-2.0,transitive,node_modules/@typescript-eslint/visitor-keys/node_modules/eslint-visitor-keys,true,false,false,https://registry.npmjs.org/eslint-visitor-keys/-/eslint-visitor-keys-5.0.1.tgz,public_recorded,cutnote/package-lock.json#packages/node_modules/@typescript-eslint/visitor-keys/node_modules/eslint-visitor-keys,License and flags are package-lock declarations; distributed package license texts were not inspected.
npm-lock,@unpic/core,1.0.3,MIT,transitive,node_modules/@unpic/core,true,false,false,https://registry.npmjs.org/@unpic/core/-/core-1.0.3.tgz,public_recorded,cutnote/package-lock.json#packages/node_modules/@unpic/core,License and flags are package-lock declarations; distributed package license texts were not inspected.
npm-lock,@unpic/react,1.0.2,MIT,transitive,node_modules/@unpic/react,true,false,false,https://registry.npmjs.org/@unpic/react/-/react-1.0.2.tgz,public_recorded,cutnote/package-lock.json#packages/node_modules/@unpic/react,License and flags are package-lock declarations; distributed package license texts were not inspected.
npm-lock,@unrs/resolver-binding-android-arm-eabi,1.11.1,MIT,transitive,node_modules/@unrs/resolver-binding-android-arm-eabi,true,true,false,https://registry.npmjs.org/@unrs/resolver-binding-android-arm-eabi/-/resolver-binding-android-arm-eabi-1.11.1.tgz,public_recorded,cutnote/package-lock.json#packages/node_modules/@unrs/resolver-binding-android-arm-eabi,License and flags are package-lock declarations; distributed package license texts were not inspected.
npm-lock,@unrs/resolver-binding-android-arm64,1.11.1,MIT,transitive,node_modules/@unrs/resolver-binding-android-arm64,true,true,false,https://registry.npmjs.org/@unrs/resolver-binding-android-arm64/-/resolver-binding-android-arm64-1.11.1.tgz,public_recorded,cutnote/package-lock.json#packages/node_modules/@unrs/resolver-binding-android-arm64,License and flags are package-lock declarations; distributed package license texts were not inspected.
npm-lock,@unrs/resolver-binding-darwin-arm64,1.11.1,MIT,transitive,node_modules/@unrs/resolver-binding-darwin-arm64,true,true,false,https://registry.npmjs.org/@unrs/resolver-binding-darwin-arm64/-/resolver-binding-darwin-arm64-1.11.1.tgz,public_recorded,cutnote/package-lock.json#packages/node_modules/@unrs/resolver-binding-darwin-arm64,License and flags are package-lock declarations; distributed package license texts were not inspected.
npm-lock,@unrs/resolver-binding-darwin-x64,1.11.1,MIT,transitive,node_modules/@unrs/resolver-binding-darwin-x64,true,true,false,https://registry.npmjs.org/@unrs/resolver-binding-darwin-x64/-/resolver-binding-darwin-x64-1.11.1.tgz,public_recorded,cutnote/package-lock.json#packages/node_modules/@unrs/resolver-binding-darwin-x64,License and flags are package-lock declarations; distributed package license texts were not inspected.
npm-lock,@unrs/resolver-binding-freebsd-x64,1.11.1,MIT,transitive,node_modules/@unrs/resolver-binding-freebsd-x64,true,true,false,https://registry.npmjs.org/@unrs/resolver-binding-freebsd-x64/-/resolver-binding-freebsd-x64-1.11.1.tgz,public_recorded,cutnote/package-lock.json#packages/node_modules/@unrs/resolver-binding-freebsd-x64,License and flags are package-lock declarations; distributed package license texts were not inspected.
npm-lock,@unrs/resolver-binding-linux-arm-gnueabihf,1.11.1,MIT,transitive,node_modules/@unrs/resolver-binding-linux-arm-gnueabihf,true,true,false,https://registry.npmjs.org/@unrs/resolver-binding-linux-arm-gnueabihf/-/resolver-binding-linux-arm-gnueabihf-1.11.1.tgz,public_recorded,cutnote/package-lock.json#packages/node_modules/@unrs/resolver-binding-linux-arm-gnueabihf,License and flags are package-lock declarations; distributed package license texts were not inspected.
npm-lock,@unrs/resolver-binding-linux-arm-musleabihf,1.11.1,MIT,transitive,node_modules/@unrs/resolver-binding-linux-arm-musleabihf,true,true,false,https://registry.npmjs.org/@unrs/resolver-binding-linux-arm-musleabihf/-/resolver-binding-linux-arm-musleabihf-1.11.1.tgz,public_recorded,cutnote/package-lock.json#packages/node_modules/@unrs/resolver-binding-linux-arm-musleabihf,License and flags are package-lock declarations; distributed package license texts were not inspected.
npm-lock,@unrs/resolver-binding-linux-arm64-gnu,1.11.1,MIT,transitive,node_modules/@unrs/resolver-binding-linux-arm64-gnu,true,true,false,https://registry.npmjs.org/@unrs/resolver-binding-linux-arm64-gnu/-/resolver-binding-linux-arm64-gnu-1.11.1.tgz,public_recorded,cutnote/package-lock.json#packages/node_modules/@unrs/resolver-binding-linux-arm64-gnu,License and flags are package-lock declarations; distributed package license texts were not inspected.
npm-lock,@unrs/resolver-binding-linux-arm64-musl,1.11.1,MIT,transitive,node_modules/@unrs/resolver-binding-linux-arm64-musl,true,true,false,https://registry.npmjs.org/@unrs/resolver-binding-linux-arm64-musl/-/resolver-binding-linux-arm64-musl-1.11.1.tgz,public_recorded,cutnote/package-lock.json#packages/node_modules/@unrs/resolver-binding-linux-arm64-musl,License and flags are package-lock declarations; distributed package license texts were not inspected.
npm-lock,@unrs/resolver-binding-linux-ppc64-gnu,1.11.1,MIT,transitive,node_modules/@unrs/resolver-binding-linux-ppc64-gnu,true,true,false,https://registry.npmjs.org/@unrs/resolver-binding-linux-ppc64-gnu/-/resolver-binding-linux-ppc64-gnu-1.11.1.tgz,public_recorded,cutnote/package-lock.json#packages/node_modules/@unrs/resolver-binding-linux-ppc64-gnu,License and flags are package-lock declarations; distributed package license texts were not inspected.
npm-lock,@unrs/resolver-binding-linux-riscv64-gnu,1.11.1,MIT,transitive,node_modules/@unrs/resolver-binding-linux-riscv64-gnu,true,true,false,https://registry.npmjs.org/@unrs/resolver-binding-linux-riscv64-gnu/-/resolver-binding-linux-riscv64-gnu-1.11.1.tgz,public_recorded,cutnote/package-lock.json#packages/node_modules/@unrs/resolver-binding-linux-riscv64-gnu,License and flags are package-lock declarations; distributed package license texts were not inspected.
npm-lock,@unrs/resolver-binding-linux-riscv64-musl,1.11.1,MIT,transitive,node_modules/@unrs/resolver-binding-linux-riscv64-musl,true,true,false,https://registry.npmjs.org/@unrs/resolver-binding-linux-riscv64-musl/-/resolver-binding-linux-riscv64-musl-1.11.1.tgz,public_recorded,cutnote/package-lock.json#packages/node_modules/@unrs/resolver-binding-linux-riscv64-musl,License and flags are package-lock declarations; distributed package license texts were not inspected.
npm-lock,@unrs/resolver-binding-linux-s390x-gnu,1.11.1,MIT,transitive,node_modules/@unrs/resolver-binding-linux-s390x-gnu,true,true,false,https://registry.npmjs.org/@unrs/resolver-binding-linux-s390x-gnu/-/resolver-binding-linux-s390x-gnu-1.11.1.tgz,public_recorded,cutnote/package-lock.json#packages/node_modules/@unrs/resolver-binding-linux-s390x-gnu,License and flags are package-lock declarations; distributed package license texts were not inspected.
npm-lock,@unrs/resolver-binding-linux-x64-gnu,1.11.1,MIT,transitive,node_modules/@unrs/resolver-binding-linux-x64-gnu,true,true,false,https://registry.npmjs.org/@unrs/resolver-binding-linux-x64-gnu/-/resolver-binding-linux-x64-gnu-1.11.1.tgz,public_recorded,cutnote/package-lock.json#packages/node_modules/@unrs/resolver-binding-linux-x64-gnu,License and flags are package-lock declarations; distributed package license texts were not inspected.
npm-lock,@unrs/resolver-binding-linux-x64-musl,1.11.1,MIT,transitive,node_modules/@unrs/resolver-binding-linux-x64-musl,true,true,false,https://registry.npmjs.org/@unrs/resolver-binding-linux-x64-musl/-/resolver-binding-linux-x64-musl-1.11.1.tgz,public_recorded,cutnote/package-lock.json#packages/node_modules/@unrs/resolver-binding-linux-x64-musl,License and flags are package-lock declarations; distributed package license texts were not inspected.
npm-lock,@unrs/resolver-binding-wasm32-wasi,1.11.1,MIT,transitive,node_modules/@unrs/resolver-binding-wasm32-wasi,true,true,false,https://registry.npmjs.org/@unrs/resolver-binding-wasm32-wasi/-/resolver-binding-wasm32-wasi-1.11.1.tgz,public_recorded,cutnote/package-lock.json#packages/node_modules/@unrs/resolver-binding-wasm32-wasi,License and flags are package-lock declarations; distributed package license texts were not inspected.
npm-lock,@unrs/resolver-binding-win32-arm64-msvc,1.11.1,MIT,transitive,node_modules/@unrs/resolver-binding-win32-arm64-msvc,true,true,false,https://registry.npmjs.org/@unrs/resolver-binding-win32-arm64-msvc/-/resolver-binding-win32-arm64-msvc-1.11.1.tgz,public_recorded,cutnote/package-lock.json#packages/node_modules/@unrs/resolver-binding-win32-arm64-msvc,License and flags are package-lock declarations; distributed package license texts were not inspected.
npm-lock,@unrs/resolver-binding-win32-ia32-msvc,1.11.1,MIT,transitive,node_modules/@unrs/resolver-binding-win32-ia32-msvc,true,true,false,https://registry.npmjs.org/@unrs/resolver-binding-win32-ia32-msvc/-/resolver-binding-win32-ia32-msvc-1.11.1.tgz,public_recorded,cutnote/package-lock.json#packages/node_modules/@unrs/resolver-binding-win32-ia32-msvc,License and flags are package-lock declarations; distributed package license texts were not inspected.
npm-lock,@unrs/resolver-binding-win32-x64-msvc,1.11.1,MIT,transitive,node_modules/@unrs/resolver-binding-win32-x64-msvc,true,true,false,https://registry.npmjs.org/@unrs/resolver-binding-win32-x64-msvc/-/resolver-binding-win32-x64-msvc-1.11.1.tgz,public_recorded,cutnote/package-lock.json#packages/node_modules/@unrs/resolver-binding-win32-x64-msvc,License and flags are package-lock declarations; distributed package license texts were not inspected.
npm-lock,@vercel/og,0.8.6,MPL-2.0,transitive,node_modules/@vercel/og,true,false,false,https://registry.npmjs.org/@vercel/og/-/og-0.8.6.tgz,public_recorded,cutnote/package-lock.json#packages/node_modules/@vercel/og,License and flags are package-lock declarations; distributed package license texts were not inspected.
npm-lock,@vinext/types,1.0.0-beta.2,MIT,transitive,node_modules/@vinext/types,true,false,false,https://registry.npmjs.org/@vinext/types/-/types-1.0.0-beta.2.tgz,public_recorded,cutnote/package-lock.json#packages/node_modules/@vinext/types,License and flags are package-lock declarations; distributed package license texts were not inspected.
npm-lock,@vitejs/plugin-react,6.0.2,MIT,direct-dev,node_modules/@vitejs/plugin-react,true,false,false,https://registry.npmjs.org/@vitejs/plugin-react/-/plugin-react-6.0.2.tgz,public_recorded,cutnote/package-lock.json#packages/node_modules/@vitejs/plugin-react,License and flags are package-lock declarations; distributed package license texts were not inspected.
npm-lock,@vitejs/plugin-rsc,0.5.26,MIT,direct-dev,node_modules/@vitejs/plugin-rsc,true,false,false,https://registry.npmjs.org/@vitejs/plugin-rsc/-/plugin-rsc-0.5.26.tgz,public_recorded,cutnote/package-lock.json#packages/node_modules/@vitejs/plugin-rsc,License and flags are package-lock declarations; distributed package license texts were not inspected.
npm-lock,@rolldown/pluginutils,1.0.0-rc.18,MIT,transitive,node_modules/@vitejs/plugin-rsc/node_modules/@rolldown/pluginutils,true,false,false,https://registry.npmjs.org/@rolldown/pluginutils/-/pluginutils-1.0.0-rc.18.tgz,public_recorded,cutnote/package-lock.json#packages/node_modules/@vitejs/plugin-rsc/node_modules/@rolldown/pluginutils,License and flags are package-lock declarations; distributed package license texts were not inspected.
npm-lock,@webassemblyjs/ast,1.14.1,MIT,transitive,node_modules/@webassemblyjs/ast,true,false,false,https://registry.npmjs.org/@webassemblyjs/ast/-/ast-1.14.1.tgz,public_recorded,cutnote/package-lock.json#packages/node_modules/@webassemblyjs/ast,License and flags are package-lock declarations; distributed package license texts were not inspected.
npm-lock,@webassemblyjs/floating-point-hex-parser,1.13.2,MIT,transitive,node_modules/@webassemblyjs/floating-point-hex-parser,true,false,false,https://registry.npmjs.org/@webassemblyjs/floating-point-hex-parser/-/floating-point-hex-parser-1.13.2.tgz,public_recorded,cutnote/package-lock.json#packages/node_modules/@webassemblyjs/floating-point-hex-parser,License and flags are package-lock declarations; distributed package license texts were not inspected.
npm-lock,@webassemblyjs/helper-api-error,1.13.2,MIT,transitive,node_modules/@webassemblyjs/helper-api-error,true,false,false,https://registry.npmjs.org/@webassemblyjs/helper-api-error/-/helper-api-error-1.13.2.tgz,public_recorded,cutnote/package-lock.json#packages/node_modules/@webassemblyjs/helper-api-error,License and flags are package-lock declarations; distributed package license texts were not inspected.
npm-lock,@webassemblyjs/helper-buffer,1.14.1,MIT,transitive,node_modules/@webassemblyjs/helper-buffer,true,false,false,https://registry.npmjs.org/@webassemblyjs/helper-buffer/-/helper-buffer-1.14.1.tgz,public_recorded,cutnote/package-lock.json#packages/node_modules/@webassemblyjs/helper-buffer,License and flags are package-lock declarations; distributed package license texts were not inspected.
npm-lock,@webassemblyjs/helper-numbers,1.13.2,MIT,transitive,node_modules/@webassemblyjs/helper-numbers,true,false,false,https://registry.npmjs.org/@webassemblyjs/helper-numbers/-/helper-numbers-1.13.2.tgz,public_recorded,cutnote/package-lock.json#packages/node_modules/@webassemblyjs/helper-numbers,License and flags are package-lock declarations; distributed package license texts were not inspected.
npm-lock,@webassemblyjs/helper-wasm-bytecode,1.13.2,MIT,transitive,node_modules/@webassemblyjs/helper-wasm-bytecode,true,false,false,https://registry.npmjs.org/@webassemblyjs/helper-wasm-bytecode/-/helper-wasm-bytecode-1.13.2.tgz,public_recorded,cutnote/package-lock.json#packages/node_modules/@webassemblyjs/helper-wasm-bytecode,License and flags are package-lock declarations; distributed package license texts were not inspected.
npm-lock,@webassemblyjs/helper-wasm-section,1.14.1,MIT,transitive,node_modules/@webassemblyjs/helper-wasm-section,true,false,false,https://registry.npmjs.org/@webassemblyjs/helper-wasm-section/-/helper-wasm-section-1.14.1.tgz,public_recorded,cutnote/package-lock.json#packages/node_modules/@webassemblyjs/helper-wasm-section,License and flags are package-lock declarations; distributed package license texts were not inspected.
npm-lock,@webassemblyjs/ieee754,1.13.2,MIT,transitive,node_modules/@webassemblyjs/ieee754,true,false,false,https://registry.npmjs.org/@webassemblyjs/ieee754/-/ieee754-1.13.2.tgz,public_recorded,cutnote/package-lock.json#packages/node_modules/@webassemblyjs/ieee754,License and flags are package-lock declarations; distributed package license texts were not inspected.
npm-lock,@webassemblyjs/leb128,1.13.2,Apache-2.0,transitive,node_modules/@webassemblyjs/leb128,true,false,false,https://registry.npmjs.org/@webassemblyjs/leb128/-/leb128-1.13.2.tgz,public_recorded,cutnote/package-lock.json#packages/node_modules/@webassemblyjs/leb128,License and flags are package-lock declarations; distributed package license texts were not inspected.
npm-lock,@webassemblyjs/utf8,1.13.2,MIT,transitive,node_modules/@webassemblyjs/utf8,true,false,false,https://registry.npmjs.org/@webassemblyjs/utf8/-/utf8-1.13.2.tgz,public_recorded,cutnote/package-lock.json#packages/node_modules/@webassemblyjs/utf8,License and flags are package-lock declarations; distributed package license texts were not inspected.
npm-lock,@webassemblyjs/wasm-edit,1.14.1,MIT,transitive,node_modules/@webassemblyjs/wasm-edit,true,false,false,https://registry.npmjs.org/@webassemblyjs/wasm-edit/-/wasm-edit-1.14.1.tgz,public_recorded,cutnote/package-lock.json#packages/node_modules/@webassemblyjs/wasm-edit,License and flags are package-lock declarations; distributed package license texts were not inspected.
npm-lock,@webassemblyjs/wasm-gen,1.14.1,MIT,transitive,node_modules/@webassemblyjs/wasm-gen,true,false,false,https://registry.npmjs.org/@webassemblyjs/wasm-gen/-/wasm-gen-1.14.1.tgz,public_recorded,cutnote/package-lock.json#packages/node_modules/@webassemblyjs/wasm-gen,License and flags are package-lock declarations; distributed package license texts were not inspected.
npm-lock,@webassemblyjs/wasm-opt,1.14.1,MIT,transitive,node_modules/@webassemblyjs/wasm-opt,true,false,false,https://registry.npmjs.org/@webassemblyjs/wasm-opt/-/wasm-opt-1.14.1.tgz,public_recorded,cutnote/package-lock.json#packages/node_modules/@webassemblyjs/wasm-opt,License and flags are package-lock declarations; distributed package license texts were not inspected.
npm-lock,@webassemblyjs/wasm-parser,1.14.1,MIT,transitive,node_modules/@webassemblyjs/wasm-parser,true,false,false,https://registry.npmjs.org/@webassemblyjs/wasm-parser/-/wasm-parser-1.14.1.tgz,public_recorded,cutnote/package-lock.json#packages/node_modules/@webassemblyjs/wasm-parser,License and flags are package-lock declarations; distributed package license texts were not inspected.
npm-lock,@webassemblyjs/wast-printer,1.14.1,MIT,transitive,node_modules/@webassemblyjs/wast-printer,true,false,false,https://registry.npmjs.org/@webassemblyjs/wast-printer/-/wast-printer-1.14.1.tgz,public_recorded,cutnote/package-lock.json#packages/node_modules/@webassemblyjs/wast-printer,License and flags are package-lock declarations; distributed package license texts were not inspected.
npm-lock,@xtuc/ieee754,1.2.0,BSD-3-Clause,transitive,node_modules/@xtuc/ieee754,true,false,false,https://registry.npmjs.org/@xtuc/ieee754/-/ieee754-1.2.0.tgz,public_recorded,cutnote/package-lock.json#packages/node_modules/@xtuc/ieee754,License and flags are package-lock declarations; distributed package license texts were not inspected.
npm-lock,@xtuc/long,4.2.2,Apache-2.0,transitive,node_modules/@xtuc/long,true,false,false,https://registry.npmjs.org/@xtuc/long/-/long-4.2.2.tgz,public_recorded,cutnote/package-lock.json#packages/node_modules/@xtuc/long,License and flags are package-lock declarations; distributed package license texts were not inspected.
npm-lock,acorn,8.16.0,MIT,transitive,node_modules/acorn,true,false,false,https://registry.npmjs.org/acorn/-/acorn-8.16.0.tgz,public_recorded,cutnote/package-lock.json#packages/node_modules/acorn,License and flags are package-lock declarations; distributed package license texts were not inspected.
npm-lock,acorn-import-phases,1.0.4,MIT,transitive,node_modules/acorn-import-phases,true,false,false,https://registry.npmjs.org/acorn-import-phases/-/acorn-import-phases-1.0.4.tgz,public_recorded,cutnote/package-lock.json#packages/node_modules/acorn-import-phases,License and flags are package-lock declarations; distributed package license texts were not inspected.
npm-lock,acorn-jsx,5.3.2,MIT,transitive,node_modules/acorn-jsx,true,false,false,https://registry.npmjs.org/acorn-jsx/-/acorn-jsx-5.3.2.tgz,public_recorded,cutnote/package-lock.json#packages/node_modules/acorn-jsx,License and flags are package-lock declarations; distributed package license texts were not inspected.
npm-lock,acorn-loose,8.5.2,MIT,transitive,node_modules/acorn-loose,true,false,false,https://registry.npmjs.org/acorn-loose/-/acorn-loose-8.5.2.tgz,public_recorded,cutnote/package-lock.json#packages/node_modules/acorn-loose,License and flags are package-lock declarations; distributed package license texts were not inspected.
npm-lock,ajv,8.20.0,MIT,direct-dev,node_modules/ajv,false,false,false,https://registry.npmjs.org/ajv/-/ajv-8.20.0.tgz,public_recorded,cutnote/package-lock.json#packages/node_modules/ajv,License and flags are package-lock declarations; distributed package license texts were not inspected.
npm-lock,ajv-formats,2.1.1,MIT,transitive,node_modules/ajv-formats,false,false,false,https://registry.npmjs.org/ajv-formats/-/ajv-formats-2.1.1.tgz,public_recorded,cutnote/package-lock.json#packages/node_modules/ajv-formats,License and flags are package-lock declarations; distributed package license texts were not inspected.
npm-lock,ansi-styles,4.3.0,MIT,transitive,node_modules/ansi-styles,true,false,false,https://registry.npmjs.org/ansi-styles/-/ansi-styles-4.3.0.tgz,public_recorded,cutnote/package-lock.json#packages/node_modules/ansi-styles,License and flags are package-lock declarations; distributed package license texts were not inspected.
npm-lock,argparse,2.0.1,Python-2.0,transitive,node_modules/argparse,true,false,false,https://registry.npmjs.org/argparse/-/argparse-2.0.1.tgz,public_recorded,cutnote/package-lock.json#packages/node_modules/argparse,License and flags are package-lock declarations; distributed package license texts were not inspected.
npm-lock,aria-hidden,1.2.6,MIT,transitive,node_modules/aria-hidden,false,false,false,https://registry.npmjs.org/aria-hidden/-/aria-hidden-1.2.6.tgz,public_recorded,cutnote/package-lock.json#packages/node_modules/aria-hidden,License and flags are package-lock declarations; distributed package license texts were not inspected.
npm-lock,aria-query,5.3.2,Apache-2.0,transitive,node_modules/aria-query,true,false,false,https://registry.npmjs.org/aria-query/-/aria-query-5.3.2.tgz,public_recorded,cutnote/package-lock.json#packages/node_modules/aria-query,License and flags are package-lock declarations; distributed package license texts were not inspected.
npm-lock,array-buffer-byte-length,1.0.2,MIT,transitive,node_modules/array-buffer-byte-length,true,false,false,https://registry.npmjs.org/array-buffer-byte-length/-/array-buffer-byte-length-1.0.2.tgz,public_recorded,cutnote/package-lock.json#packages/node_modules/array-buffer-byte-length,License and flags are package-lock declarations; distributed package license texts were not inspected.
npm-lock,array-includes,3.1.9,MIT,transitive,node_modules/array-includes,true,false,false,https://registry.npmjs.org/array-includes/-/array-includes-3.1.9.tgz,public_recorded,cutnote/package-lock.json#packages/node_modules/array-includes,License and flags are package-lock declarations; distributed package license texts were not inspected.
npm-lock,array.prototype.findlast,1.2.5,MIT,transitive,node_modules/array.prototype.findlast,true,false,false,https://registry.npmjs.org/array.prototype.findlast/-/array.prototype.findlast-1.2.5.tgz,public_recorded,cutnote/package-lock.json#packages/node_modules/array.prototype.findlast,License and flags are package-lock declarations; distributed package license texts were not inspected.
npm-lock,array.prototype.findlastindex,1.2.6,MIT,transitive,node_modules/array.prototype.findlastindex,true,false,false,https://registry.npmjs.org/array.prototype.findlastindex/-/array.prototype.findlastindex-1.2.6.tgz,public_recorded,cutnote/package-lock.json#packages/node_modules/array.prototype.findlastindex,License and flags are package-lock declarations; distributed package license texts were not inspected.
npm-lock,array.prototype.flat,1.3.3,MIT,transitive,node_modules/array.prototype.flat,true,false,false,https://registry.npmjs.org/array.prototype.flat/-/array.prototype.flat-1.3.3.tgz,public_recorded,cutnote/package-lock.json#packages/node_modules/array.prototype.flat,License and flags are package-lock declarations; distributed package license texts were not inspected.
npm-lock,array.prototype.flatmap,1.3.3,MIT,transitive,node_modules/array.prototype.flatmap,true,false,false,https://registry.npmjs.org/array.prototype.flatmap/-/array.prototype.flatmap-1.3.3.tgz,public_recorded,cutnote/package-lock.json#packages/node_modules/array.prototype.flatmap,License and flags are package-lock declarations; distributed package license texts were not inspected.
npm-lock,array.prototype.tosorted,1.1.4,MIT,transitive,node_modules/array.prototype.tosorted,true,false,false,https://registry.npmjs.org/array.prototype.tosorted/-/array.prototype.tosorted-1.1.4.tgz,public_recorded,cutnote/package-lock.json#packages/node_modules/array.prototype.tosorted,License and flags are package-lock declarations; distributed package license texts were not inspected.
npm-lock,arraybuffer.prototype.slice,1.0.4,MIT,transitive,node_modules/arraybuffer.prototype.slice,true,false,false,https://registry.npmjs.org/arraybuffer.prototype.slice/-/arraybuffer.prototype.slice-1.0.4.tgz,public_recorded,cutnote/package-lock.json#packages/node_modules/arraybuffer.prototype.slice,License and flags are package-lock declarations; distributed package license texts were not inspected.
npm-lock,ast-types-flow,0.0.8,MIT,transitive,node_modules/ast-types-flow,true,false,false,https://registry.npmjs.org/ast-types-flow/-/ast-types-flow-0.0.8.tgz,public_recorded,cutnote/package-lock.json#packages/node_modules/ast-types-flow,License and flags are package-lock declarations; distributed package license texts were not inspected.
npm-lock,async-function,1.0.0,MIT,transitive,node_modules/async-function,true,false,false,https://registry.npmjs.org/async-function/-/async-function-1.0.0.tgz,public_recorded,cutnote/package-lock.json#packages/node_modules/async-function,License and flags are package-lock declarations; distributed package license texts were not inspected.
npm-lock,available-typed-arrays,1.0.7,MIT,transitive,node_modules/available-typed-arrays,true,false,false,https://registry.npmjs.org/available-typed-arrays/-/available-typed-arrays-1.0.7.tgz,public_recorded,cutnote/package-lock.json#packages/node_modules/available-typed-arrays,License and flags are package-lock declarations; distributed package license texts were not inspected.
npm-lock,axe-core,4.11.4,MPL-2.0,transitive,node_modules/axe-core,true,false,false,https://registry.npmjs.org/axe-core/-/axe-core-4.11.4.tgz,public_recorded,cutnote/package-lock.json#packages/node_modules/axe-core,License and flags are package-lock declarations; distributed package license texts were not inspected.
npm-lock,axobject-query,4.1.0,Apache-2.0,transitive,node_modules/axobject-query,true,false,false,https://registry.npmjs.org/axobject-query/-/axobject-query-4.1.0.tgz,public_recorded,cutnote/package-lock.json#packages/node_modules/axobject-query,License and flags are package-lock declarations; distributed package license texts were not inspected.
npm-lock,balanced-match,1.0.2,MIT,transitive,node_modules/balanced-match,true,false,false,https://registry.npmjs.org/balanced-match/-/balanced-match-1.0.2.tgz,public_recorded,cutnote/package-lock.json#packages/node_modules/balanced-match,License and flags are package-lock declarations; distributed package license texts were not inspected.
npm-lock,base64-js,0.0.8,MIT,transitive,node_modules/base64-js,true,false,false,https://registry.npmjs.org/base64-js/-/base64-js-0.0.8.tgz,public_recorded,cutnote/package-lock.json#packages/node_modules/base64-js,License and flags are package-lock declarations; distributed package license texts were not inspected.
npm-lock,baseline-browser-mapping,2.10.30,Apache-2.0,transitive,node_modules/baseline-browser-mapping,false,false,false,https://registry.npmjs.org/baseline-browser-mapping/-/baseline-browser-mapping-2.10.30.tgz,public_recorded,cutnote/package-lock.json#packages/node_modules/baseline-browser-mapping,License and flags are package-lock declarations; distributed package license texts were not inspected.
npm-lock,blake3-wasm,2.1.5,MIT,transitive,node_modules/blake3-wasm,true,false,false,https://registry.npmjs.org/blake3-wasm/-/blake3-wasm-2.1.5.tgz,public_recorded,cutnote/package-lock.json#packages/node_modules/blake3-wasm,License and flags are package-lock declarations; distributed package license texts were not inspected.
npm-lock,brace-expansion,1.1.14,MIT,transitive,node_modules/brace-expansion,true,false,false,https://registry.npmjs.org/brace-expansion/-/brace-expansion-1.1.14.tgz,public_recorded,cutnote/package-lock.json#packages/node_modules/brace-expansion,License and flags are package-lock declarations; distributed package license texts were not inspected.
npm-lock,braces,3.0.3,MIT,transitive,node_modules/braces,true,false,false,https://registry.npmjs.org/braces/-/braces-3.0.3.tgz,public_recorded,cutnote/package-lock.json#packages/node_modules/braces,License and flags are package-lock declarations; distributed package license texts were not inspected.
npm-lock,browserslist,4.28.2,MIT,transitive,node_modules/browserslist,true,false,false,https://registry.npmjs.org/browserslist/-/browserslist-4.28.2.tgz,public_recorded,cutnote/package-lock.json#packages/node_modules/browserslist,License and flags are package-lock declarations; distributed package license texts were not inspected.
npm-lock,buffer-from,1.1.2,MIT,transitive,node_modules/buffer-from,true,false,false,https://registry.npmjs.org/buffer-from/-/buffer-from-1.1.2.tgz,public_recorded,cutnote/package-lock.json#packages/node_modules/buffer-from,License and flags are package-lock declarations; distributed package license texts were not inspected.
npm-lock,bytes,3.1.2,MIT,transitive,node_modules/bytes,true,false,false,https://registry.npmjs.org/bytes/-/bytes-3.1.2.tgz,public_recorded,cutnote/package-lock.json#packages/node_modules/bytes,License and flags are package-lock declarations; distributed package license texts were not inspected.
npm-lock,call-bind,1.0.9,MIT,transitive,node_modules/call-bind,true,false,false,https://registry.npmjs.org/call-bind/-/call-bind-1.0.9.tgz,public_recorded,cutnote/package-lock.json#packages/node_modules/call-bind,License and flags are package-lock declarations; distributed package license texts were not inspected.
npm-lock,call-bind-apply-helpers,1.0.2,MIT,transitive,node_modules/call-bind-apply-helpers,true,false,false,https://registry.npmjs.org/call-bind-apply-helpers/-/call-bind-apply-helpers-1.0.2.tgz,public_recorded,cutnote/package-lock.json#packages/node_modules/call-bind-apply-helpers,License and flags are package-lock declarations; distributed package license texts were not inspected.
npm-lock,call-bound,1.0.4,MIT,transitive,node_modules/call-bound,true,false,false,https://registry.npmjs.org/call-bound/-/call-bound-1.0.4.tgz,public_recorded,cutnote/package-lock.json#packages/node_modules/call-bound,License and flags are package-lock declarations; distributed package license texts were not inspected.
npm-lock,callsites,3.1.0,MIT,transitive,node_modules/callsites,true,false,false,https://registry.npmjs.org/callsites/-/callsites-3.1.0.tgz,public_recorded,cutnote/package-lock.json#packages/node_modules/callsites,License and flags are package-lock declarations; distributed package license texts were not inspected.
npm-lock,camelize,1.0.1,MIT,transitive,node_modules/camelize,true,false,false,https://registry.npmjs.org/camelize/-/camelize-1.0.1.tgz,public_recorded,cutnote/package-lock.json#packages/node_modules/camelize,License and flags are package-lock declarations; distributed package license texts were not inspected.
npm-lock,caniuse-lite,1.0.30001793,CC-BY-4.0,transitive,node_modules/caniuse-lite,false,false,false,https://registry.npmjs.org/caniuse-lite/-/caniuse-lite-1.0.30001793.tgz,public_recorded,cutnote/package-lock.json#packages/node_modules/caniuse-lite,License and flags are package-lock declarations; distributed package license texts were not inspected.
npm-lock,chalk,4.1.2,MIT,transitive,node_modules/chalk,true,false,false,https://registry.npmjs.org/chalk/-/chalk-4.1.2.tgz,public_recorded,cutnote/package-lock.json#packages/node_modules/chalk,License and flags are package-lock declarations; distributed package license texts were not inspected.
npm-lock,chrome-trace-event,1.0.4,MIT,transitive,node_modules/chrome-trace-event,true,false,false,https://registry.npmjs.org/chrome-trace-event/-/chrome-trace-event-1.0.4.tgz,public_recorded,cutnote/package-lock.json#packages/node_modules/chrome-trace-event,License and flags are package-lock declarations; distributed package license texts were not inspected.
npm-lock,class-variance-authority,0.7.1,Apache-2.0,direct-runtime,node_modules/class-variance-authority,false,false,false,https://registry.npmjs.org/class-variance-authority/-/class-variance-authority-0.7.1.tgz,public_recorded,cutnote/package-lock.json#packages/node_modules/class-variance-authority,License and flags are package-lock declarations; distributed package license texts were not inspected.
npm-lock,client-only,0.0.1,MIT,transitive,node_modules/client-only,false,false,false,https://registry.npmjs.org/client-only/-/client-only-0.0.1.tgz,public_recorded,cutnote/package-lock.json#packages/node_modules/client-only,License and flags are package-lock declarations; distributed package license texts were not inspected.
npm-lock,clsx,2.1.1,MIT,direct-runtime,node_modules/clsx,false,false,false,https://registry.npmjs.org/clsx/-/clsx-2.1.1.tgz,public_recorded,cutnote/package-lock.json#packages/node_modules/clsx,License and flags are package-lock declarations; distributed package license texts were not inspected.
npm-lock,cmdk,1.1.1,MIT,direct-runtime,node_modules/cmdk,false,false,false,https://registry.npmjs.org/cmdk/-/cmdk-1.1.1.tgz,public_recorded,cutnote/package-lock.json#packages/node_modules/cmdk,License and flags are package-lock declarations; distributed package license texts were not inspected.
npm-lock,color-convert,2.0.1,MIT,transitive,node_modules/color-convert,true,false,false,https://registry.npmjs.org/color-convert/-/color-convert-2.0.1.tgz,public_recorded,cutnote/package-lock.json#packages/node_modules/color-convert,License and flags are package-lock declarations; distributed package license texts were not inspected.
npm-lock,color-name,1.1.4,MIT,transitive,node_modules/color-name,true,false,false,https://registry.npmjs.org/color-name/-/color-name-1.1.4.tgz,public_recorded,cutnote/package-lock.json#packages/node_modules/color-name,License and flags are package-lock declarations; distributed package license texts were not inspected.
npm-lock,commander,2.20.3,MIT,transitive,node_modules/commander,true,false,false,https://registry.npmjs.org/commander/-/commander-2.20.3.tgz,public_recorded,cutnote/package-lock.json#packages/node_modules/commander,License and flags are package-lock declarations; distributed package license texts were not inspected.
npm-lock,concat-map,0.0.1,MIT,transitive,node_modules/concat-map,true,false,false,https://registry.npmjs.org/concat-map/-/concat-map-0.0.1.tgz,public_recorded,cutnote/package-lock.json#packages/node_modules/concat-map,License and flags are package-lock declarations; distributed package license texts were not inspected.
npm-lock,convert-source-map,2.0.0,MIT,transitive,node_modules/convert-source-map,true,false,false,https://registry.npmjs.org/convert-source-map/-/convert-source-map-2.0.0.tgz,public_recorded,cutnote/package-lock.json#packages/node_modules/convert-source-map,License and flags are package-lock declarations; distributed package license texts were not inspected.
npm-lock,cookie,1.1.1,MIT,transitive,node_modules/cookie,true,false,false,https://registry.npmjs.org/cookie/-/cookie-1.1.1.tgz,public_recorded,cutnote/package-lock.json#packages/node_modules/cookie,License and flags are package-lock declarations; distributed package license texts were not inspected.
npm-lock,cross-spawn,7.0.6,MIT,transitive,node_modules/cross-spawn,true,false,false,https://registry.npmjs.org/cross-spawn/-/cross-spawn-7.0.6.tgz,public_recorded,cutnote/package-lock.json#packages/node_modules/cross-spawn,License and flags are package-lock declarations; distributed package license texts were not inspected.
npm-lock,css-background-parser,0.1.0,MIT,transitive,node_modules/css-background-parser,true,false,false,https://registry.npmjs.org/css-background-parser/-/css-background-parser-0.1.0.tgz,public_recorded,cutnote/package-lock.json#packages/node_modules/css-background-parser,License and flags are package-lock declarations; distributed package license texts were not inspected.
npm-lock,css-box-shadow,1.0.0-3,MIT,transitive,node_modules/css-box-shadow,true,false,false,https://registry.npmjs.org/css-box-shadow/-/css-box-shadow-1.0.0-3.tgz,public_recorded,cutnote/package-lock.json#packages/node_modules/css-box-shadow,License and flags are package-lock declarations; distributed package license texts were not inspected.
npm-lock,css-color-keywords,1.0.0,ISC,transitive,node_modules/css-color-keywords,true,false,false,https://registry.npmjs.org/css-color-keywords/-/css-color-keywords-1.0.0.tgz,public_recorded,cutnote/package-lock.json#packages/node_modules/css-color-keywords,License and flags are package-lock declarations; distributed package license texts were not inspected.
npm-lock,css-gradient-parser,0.0.16,MIT,transitive,node_modules/css-gradient-parser,true,false,false,https://registry.npmjs.org/css-gradient-parser/-/css-gradient-parser-0.0.16.tgz,public_recorded,cutnote/package-lock.json#packages/node_modules/css-gradient-parser,License and flags are package-lock declarations; distributed package license texts were not inspected.
npm-lock,css-to-react-native,3.2.0,MIT,transitive,node_modules/css-to-react-native,true,false,false,https://registry.npmjs.org/css-to-react-native/-/css-to-react-native-3.2.0.tgz,public_recorded,cutnote/package-lock.json#packages/node_modules/css-to-react-native,License and flags are package-lock declarations; distributed package license texts were not inspected.
npm-lock,csstype,3.2.3,MIT,transitive,node_modules/csstype,false,false,false,https://registry.npmjs.org/csstype/-/csstype-3.2.3.tgz,public_recorded,cutnote/package-lock.json#packages/node_modules/csstype,License and flags are package-lock declarations; distributed package license texts were not inspected.
npm-lock,d3-array,3.2.4,ISC,transitive,node_modules/d3-array,false,false,false,https://registry.npmjs.org/d3-array/-/d3-array-3.2.4.tgz,public_recorded,cutnote/package-lock.json#packages/node_modules/d3-array,License and flags are package-lock declarations; distributed package license texts were not inspected.
npm-lock,d3-color,3.1.0,ISC,transitive,node_modules/d3-color,false,false,false,https://registry.npmjs.org/d3-color/-/d3-color-3.1.0.tgz,public_recorded,cutnote/package-lock.json#packages/node_modules/d3-color,License and flags are package-lock declarations; distributed package license texts were not inspected.
npm-lock,d3-ease,3.0.1,BSD-3-Clause,transitive,node_modules/d3-ease,false,false,false,https://registry.npmjs.org/d3-ease/-/d3-ease-3.0.1.tgz,public_recorded,cutnote/package-lock.json#packages/node_modules/d3-ease,License and flags are package-lock declarations; distributed package license texts were not inspected.
npm-lock,d3-format,3.1.2,ISC,transitive,node_modules/d3-format,false,false,false,https://registry.npmjs.org/d3-format/-/d3-format-3.1.2.tgz,public_recorded,cutnote/package-lock.json#packages/node_modules/d3-format,License and flags are package-lock declarations; distributed package license texts were not inspected.
npm-lock,d3-interpolate,3.0.1,ISC,transitive,node_modules/d3-interpolate,false,false,false,https://registry.npmjs.org/d3-interpolate/-/d3-interpolate-3.0.1.tgz,public_recorded,cutnote/package-lock.json#packages/node_modules/d3-interpolate,License and flags are package-lock declarations; distributed package license texts were not inspected.
npm-lock,d3-path,3.1.0,ISC,transitive,node_modules/d3-path,false,false,false,https://registry.npmjs.org/d3-path/-/d3-path-3.1.0.tgz,public_recorded,cutnote/package-lock.json#packages/node_modules/d3-path,License and flags are package-lock declarations; distributed package license texts were not inspected.
npm-lock,d3-scale,4.0.2,ISC,transitive,node_modules/d3-scale,false,false,false,https://registry.npmjs.org/d3-scale/-/d3-scale-4.0.2.tgz,public_recorded,cutnote/package-lock.json#packages/node_modules/d3-scale,License and flags are package-lock declarations; distributed package license texts were not inspected.
npm-lock,d3-shape,3.2.0,ISC,transitive,node_modules/d3-shape,false,false,false,https://registry.npmjs.org/d3-shape/-/d3-shape-3.2.0.tgz,public_recorded,cutnote/package-lock.json#packages/node_modules/d3-shape,License and flags are package-lock declarations; distributed package license texts were not inspected.
npm-lock,d3-time,3.1.0,ISC,transitive,node_modules/d3-time,false,false,false,https://registry.npmjs.org/d3-time/-/d3-time-3.1.0.tgz,public_recorded,cutnote/package-lock.json#packages/node_modules/d3-time,License and flags are package-lock declarations; distributed package license texts were not inspected.
npm-lock,d3-time-format,4.1.0,ISC,transitive,node_modules/d3-time-format,false,false,false,https://registry.npmjs.org/d3-time-format/-/d3-time-format-4.1.0.tgz,public_recorded,cutnote/package-lock.json#packages/node_modules/d3-time-format,License and flags are package-lock declarations; distributed package license texts were not inspected.
npm-lock,d3-timer,3.0.1,ISC,transitive,node_modules/d3-timer,false,false,false,https://registry.npmjs.org/d3-timer/-/d3-timer-3.0.1.tgz,public_recorded,cutnote/package-lock.json#packages/node_modules/d3-timer,License and flags are package-lock declarations; distributed package license texts were not inspected.
npm-lock,damerau-levenshtein,1.0.8,BSD-2-Clause,transitive,node_modules/damerau-levenshtein,true,false,false,https://registry.npmjs.org/damerau-levenshtein/-/damerau-levenshtein-1.0.8.tgz,public_recorded,cutnote/package-lock.json#packages/node_modules/damerau-levenshtein,License and flags are package-lock declarations; distributed package license texts were not inspected.
npm-lock,data-view-buffer,1.0.2,MIT,transitive,node_modules/data-view-buffer,true,false,false,https://registry.npmjs.org/data-view-buffer/-/data-view-buffer-1.0.2.tgz,public_recorded,cutnote/package-lock.json#packages/node_modules/data-view-buffer,License and flags are package-lock declarations; distributed package license texts were not inspected.
npm-lock,data-view-byte-length,1.0.2,MIT,transitive,node_modules/data-view-byte-length,true,false,false,https://registry.npmjs.org/data-view-byte-length/-/data-view-byte-length-1.0.2.tgz,public_recorded,cutnote/package-lock.json#packages/node_modules/data-view-byte-length,License and flags are package-lock declarations; distributed package license texts were not inspected.
npm-lock,data-view-byte-offset,1.0.1,MIT,transitive,node_modules/data-view-byte-offset,true,false,false,https://registry.npmjs.org/data-view-byte-offset/-/data-view-byte-offset-1.0.1.tgz,public_recorded,cutnote/package-lock.json#packages/node_modules/data-view-byte-offset,License and flags are package-lock declarations; distributed package license texts were not inspected.
npm-lock,date-fns,4.4.0,MIT,direct-runtime,node_modules/date-fns,false,false,false,https://registry.npmjs.org/date-fns/-/date-fns-4.4.0.tgz,public_recorded,cutnote/package-lock.json#packages/node_modules/date-fns,License and flags are package-lock declarations; distributed package license texts were not inspected.
npm-lock,debug,4.4.3,MIT,transitive,node_modules/debug,true,false,false,https://registry.npmjs.org/debug/-/debug-4.4.3.tgz,public_recorded,cutnote/package-lock.json#packages/node_modules/debug,License and flags are package-lock declarations; distributed package license texts were not inspected.
npm-lock,decimal.js-light,2.5.1,MIT,transitive,node_modules/decimal.js-light,false,false,false,https://registry.npmjs.org/decimal.js-light/-/decimal.js-light-2.5.1.tgz,public_recorded,cutnote/package-lock.json#packages/node_modules/decimal.js-light,License and flags are package-lock declarations; distributed package license texts were not inspected.
npm-lock,deep-is,0.1.4,MIT,transitive,node_modules/deep-is,true,false,false,https://registry.npmjs.org/deep-is/-/deep-is-0.1.4.tgz,public_recorded,cutnote/package-lock.json#packages/node_modules/deep-is,License and flags are package-lock declarations; distributed package license texts were not inspected.
npm-lock,define-data-property,1.1.4,MIT,transitive,node_modules/define-data-property,true,false,false,https://registry.npmjs.org/define-data-property/-/define-data-property-1.1.4.tgz,public_recorded,cutnote/package-lock.json#packages/node_modules/define-data-property,License and flags are package-lock declarations; distributed package license texts were not inspected.
npm-lock,define-properties,1.2.1,MIT,transitive,node_modules/define-properties,true,false,false,https://registry.npmjs.org/define-properties/-/define-properties-1.2.1.tgz,public_recorded,cutnote/package-lock.json#packages/node_modules/define-properties,License and flags are package-lock declarations; distributed package license texts were not inspected.
npm-lock,depd,2.0.0,MIT,transitive,node_modules/depd,true,false,false,https://registry.npmjs.org/depd/-/depd-2.0.0.tgz,public_recorded,cutnote/package-lock.json#packages/node_modules/depd,License and flags are package-lock declarations; distributed package license texts were not inspected.
npm-lock,detect-libc,2.1.2,Apache-2.0,transitive,node_modules/detect-libc,false,false,false,https://registry.npmjs.org/detect-libc/-/detect-libc-2.1.2.tgz,public_recorded,cutnote/package-lock.json#packages/node_modules/detect-libc,License and flags are package-lock declarations; distributed package license texts were not inspected.
npm-lock,detect-node-es,1.1.0,MIT,transitive,node_modules/detect-node-es,false,false,false,https://registry.npmjs.org/detect-node-es/-/detect-node-es-1.1.0.tgz,public_recorded,cutnote/package-lock.json#packages/node_modules/detect-node-es,License and flags are package-lock declarations; distributed package license texts were not inspected.
npm-lock,doctrine,2.1.0,Apache-2.0,transitive,node_modules/doctrine,true,false,false,https://registry.npmjs.org/doctrine/-/doctrine-2.1.0.tgz,public_recorded,cutnote/package-lock.json#packages/node_modules/doctrine,License and flags are package-lock declarations; distributed package license texts were not inspected.
npm-lock,drizzle-kit,0.31.10,MIT,direct-dev,node_modules/drizzle-kit,true,false,false,https://registry.npmjs.org/drizzle-kit/-/drizzle-kit-0.31.10.tgz,public_recorded,cutnote/package-lock.json#packages/node_modules/drizzle-kit,License and flags are package-lock declarations; distributed package license texts were not inspected.
npm-lock,@esbuild/aix-ppc64,0.25.12,MIT,transitive,node_modules/drizzle-kit/node_modules/@esbuild/aix-ppc64,true,true,false,https://registry.npmjs.org/@esbuild/aix-ppc64/-/aix-ppc64-0.25.12.tgz,public_recorded,cutnote/package-lock.json#packages/node_modules/drizzle-kit/node_modules/@esbuild/aix-ppc64,License and flags are package-lock declarations; distributed package license texts were not inspected.
npm-lock,@esbuild/android-arm,0.25.12,MIT,transitive,node_modules/drizzle-kit/node_modules/@esbuild/android-arm,true,true,false,https://registry.npmjs.org/@esbuild/android-arm/-/android-arm-0.25.12.tgz,public_recorded,cutnote/package-lock.json#packages/node_modules/drizzle-kit/node_modules/@esbuild/android-arm,License and flags are package-lock declarations; distributed package license texts were not inspected.
npm-lock,@esbuild/android-arm64,0.25.12,MIT,transitive,node_modules/drizzle-kit/node_modules/@esbuild/android-arm64,true,true,false,https://registry.npmjs.org/@esbuild/android-arm64/-/android-arm64-0.25.12.tgz,public_recorded,cutnote/package-lock.json#packages/node_modules/drizzle-kit/node_modules/@esbuild/android-arm64,License and flags are package-lock declarations; distributed package license texts were not inspected.
npm-lock,@esbuild/android-x64,0.25.12,MIT,transitive,node_modules/drizzle-kit/node_modules/@esbuild/android-x64,true,true,false,https://registry.npmjs.org/@esbuild/android-x64/-/android-x64-0.25.12.tgz,public_recorded,cutnote/package-lock.json#packages/node_modules/drizzle-kit/node_modules/@esbuild/android-x64,License and flags are package-lock declarations; distributed package license texts were not inspected.
npm-lock,@esbuild/darwin-arm64,0.25.12,MIT,transitive,node_modules/drizzle-kit/node_modules/@esbuild/darwin-arm64,true,true,false,https://registry.npmjs.org/@esbuild/darwin-arm64/-/darwin-arm64-0.25.12.tgz,public_recorded,cutnote/package-lock.json#packages/node_modules/drizzle-kit/node_modules/@esbuild/darwin-arm64,License and flags are package-lock declarations; distributed package license texts were not inspected.
npm-lock,@esbuild/darwin-x64,0.25.12,MIT,transitive,node_modules/drizzle-kit/node_modules/@esbuild/darwin-x64,true,true,false,https://registry.npmjs.org/@esbuild/darwin-x64/-/darwin-x64-0.25.12.tgz,public_recorded,cutnote/package-lock.json#packages/node_modules/drizzle-kit/node_modules/@esbuild/darwin-x64,License and flags are package-lock declarations; distributed package license texts were not inspected.
npm-lock,@esbuild/freebsd-arm64,0.25.12,MIT,transitive,node_modules/drizzle-kit/node_modules/@esbuild/freebsd-arm64,true,true,false,https://registry.npmjs.org/@esbuild/freebsd-arm64/-/freebsd-arm64-0.25.12.tgz,public_recorded,cutnote/package-lock.json#packages/node_modules/drizzle-kit/node_modules/@esbuild/freebsd-arm64,License and flags are package-lock declarations; distributed package license texts were not inspected.
npm-lock,@esbuild/freebsd-x64,0.25.12,MIT,transitive,node_modules/drizzle-kit/node_modules/@esbuild/freebsd-x64,true,true,false,https://registry.npmjs.org/@esbuild/freebsd-x64/-/freebsd-x64-0.25.12.tgz,public_recorded,cutnote/package-lock.json#packages/node_modules/drizzle-kit/node_modules/@esbuild/freebsd-x64,License and flags are package-lock declarations; distributed package license texts were not inspected.
npm-lock,@esbuild/linux-arm,0.25.12,MIT,transitive,node_modules/drizzle-kit/node_modules/@esbuild/linux-arm,true,true,false,https://registry.npmjs.org/@esbuild/linux-arm/-/linux-arm-0.25.12.tgz,public_recorded,cutnote/package-lock.json#packages/node_modules/drizzle-kit/node_modules/@esbuild/linux-arm,License and flags are package-lock declarations; distributed package license texts were not inspected.
npm-lock,@esbuild/linux-arm64,0.25.12,MIT,transitive,node_modules/drizzle-kit/node_modules/@esbuild/linux-arm64,true,true,false,https://registry.npmjs.org/@esbuild/linux-arm64/-/linux-arm64-0.25.12.tgz,public_recorded,cutnote/package-lock.json#packages/node_modules/drizzle-kit/node_modules/@esbuild/linux-arm64,License and flags are package-lock declarations; distributed package license texts were not inspected.
npm-lock,@esbuild/linux-ia32,0.25.12,MIT,transitive,node_modules/drizzle-kit/node_modules/@esbuild/linux-ia32,true,true,false,https://registry.npmjs.org/@esbuild/linux-ia32/-/linux-ia32-0.25.12.tgz,public_recorded,cutnote/package-lock.json#packages/node_modules/drizzle-kit/node_modules/@esbuild/linux-ia32,License and flags are package-lock declarations; distributed package license texts were not inspected.
npm-lock,@esbuild/linux-loong64,0.25.12,MIT,transitive,node_modules/drizzle-kit/node_modules/@esbuild/linux-loong64,true,true,false,https://registry.npmjs.org/@esbuild/linux-loong64/-/linux-loong64-0.25.12.tgz,public_recorded,cutnote/package-lock.json#packages/node_modules/drizzle-kit/node_modules/@esbuild/linux-loong64,License and flags are package-lock declarations; distributed package license texts were not inspected.
npm-lock,@esbuild/linux-mips64el,0.25.12,MIT,transitive,node_modules/drizzle-kit/node_modules/@esbuild/linux-mips64el,true,true,false,https://registry.npmjs.org/@esbuild/linux-mips64el/-/linux-mips64el-0.25.12.tgz,public_recorded,cutnote/package-lock.json#packages/node_modules/drizzle-kit/node_modules/@esbuild/linux-mips64el,License and flags are package-lock declarations; distributed package license texts were not inspected.
npm-lock,@esbuild/linux-ppc64,0.25.12,MIT,transitive,node_modules/drizzle-kit/node_modules/@esbuild/linux-ppc64,true,true,false,https://registry.npmjs.org/@esbuild/linux-ppc64/-/linux-ppc64-0.25.12.tgz,public_recorded,cutnote/package-lock.json#packages/node_modules/drizzle-kit/node_modules/@esbuild/linux-ppc64,License and flags are package-lock declarations; distributed package license texts were not inspected.
npm-lock,@esbuild/linux-riscv64,0.25.12,MIT,transitive,node_modules/drizzle-kit/node_modules/@esbuild/linux-riscv64,true,true,false,https://registry.npmjs.org/@esbuild/linux-riscv64/-/linux-riscv64-0.25.12.tgz,public_recorded,cutnote/package-lock.json#packages/node_modules/drizzle-kit/node_modules/@esbuild/linux-riscv64,License and flags are package-lock declarations; distributed package license texts were not inspected.
npm-lock,@esbuild/linux-s390x,0.25.12,MIT,transitive,node_modules/drizzle-kit/node_modules/@esbuild/linux-s390x,true,true,false,https://registry.npmjs.org/@esbuild/linux-s390x/-/linux-s390x-0.25.12.tgz,public_recorded,cutnote/package-lock.json#packages/node_modules/drizzle-kit/node_modules/@esbuild/linux-s390x,License and flags are package-lock declarations; distributed package license texts were not inspected.
npm-lock,@esbuild/linux-x64,0.25.12,MIT,transitive,node_modules/drizzle-kit/node_modules/@esbuild/linux-x64,true,true,false,https://registry.npmjs.org/@esbuild/linux-x64/-/linux-x64-0.25.12.tgz,public_recorded,cutnote/package-lock.json#packages/node_modules/drizzle-kit/node_modules/@esbuild/linux-x64,License and flags are package-lock declarations; distributed package license texts were not inspected.
npm-lock,@esbuild/netbsd-arm64,0.25.12,MIT,transitive,node_modules/drizzle-kit/node_modules/@esbuild/netbsd-arm64,true,true,false,https://registry.npmjs.org/@esbuild/netbsd-arm64/-/netbsd-arm64-0.25.12.tgz,public_recorded,cutnote/package-lock.json#packages/node_modules/drizzle-kit/node_modules/@esbuild/netbsd-arm64,License and flags are package-lock declarations; distributed package license texts were not inspected.
npm-lock,@esbuild/netbsd-x64,0.25.12,MIT,transitive,node_modules/drizzle-kit/node_modules/@esbuild/netbsd-x64,true,true,false,https://registry.npmjs.org/@esbuild/netbsd-x64/-/netbsd-x64-0.25.12.tgz,public_recorded,cutnote/package-lock.json#packages/node_modules/drizzle-kit/node_modules/@esbuild/netbsd-x64,License and flags are package-lock declarations; distributed package license texts were not inspected.
npm-lock,@esbuild/openbsd-arm64,0.25.12,MIT,transitive,node_modules/drizzle-kit/node_modules/@esbuild/openbsd-arm64,true,true,false,https://registry.npmjs.org/@esbuild/openbsd-arm64/-/openbsd-arm64-0.25.12.tgz,public_recorded,cutnote/package-lock.json#packages/node_modules/drizzle-kit/node_modules/@esbuild/openbsd-arm64,License and flags are package-lock declarations; distributed package license texts were not inspected.
npm-lock,@esbuild/openbsd-x64,0.25.12,MIT,transitive,node_modules/drizzle-kit/node_modules/@esbuild/openbsd-x64,true,true,false,https://registry.npmjs.org/@esbuild/openbsd-x64/-/openbsd-x64-0.25.12.tgz,public_recorded,cutnote/package-lock.json#packages/node_modules/drizzle-kit/node_modules/@esbuild/openbsd-x64,License and flags are package-lock declarations; distributed package license texts were not inspected.
npm-lock,@esbuild/openharmony-arm64,0.25.12,MIT,transitive,node_modules/drizzle-kit/node_modules/@esbuild/openharmony-arm64,true,true,false,https://registry.npmjs.org/@esbuild/openharmony-arm64/-/openharmony-arm64-0.25.12.tgz,public_recorded,cutnote/package-lock.json#packages/node_modules/drizzle-kit/node_modules/@esbuild/openharmony-arm64,License and flags are package-lock declarations; distributed package license texts were not inspected.
npm-lock,@esbuild/sunos-x64,0.25.12,MIT,transitive,node_modules/drizzle-kit/node_modules/@esbuild/sunos-x64,true,true,false,https://registry.npmjs.org/@esbuild/sunos-x64/-/sunos-x64-0.25.12.tgz,public_recorded,cutnote/package-lock.json#packages/node_modules/drizzle-kit/node_modules/@esbuild/sunos-x64,License and flags are package-lock declarations; distributed package license texts were not inspected.
npm-lock,@esbuild/win32-arm64,0.25.12,MIT,transitive,node_modules/drizzle-kit/node_modules/@esbuild/win32-arm64,true,true,false,https://registry.npmjs.org/@esbuild/win32-arm64/-/win32-arm64-0.25.12.tgz,public_recorded,cutnote/package-lock.json#packages/node_modules/drizzle-kit/node_modules/@esbuild/win32-arm64,License and flags are package-lock declarations; distributed package license texts were not inspected.
npm-lock,@esbuild/win32-ia32,0.25.12,MIT,transitive,node_modules/drizzle-kit/node_modules/@esbuild/win32-ia32,true,true,false,https://registry.npmjs.org/@esbuild/win32-ia32/-/win32-ia32-0.25.12.tgz,public_recorded,cutnote/package-lock.json#packages/node_modules/drizzle-kit/node_modules/@esbuild/win32-ia32,License and flags are package-lock declarations; distributed package license texts were not inspected.
npm-lock,@esbuild/win32-x64,0.25.12,MIT,transitive,node_modules/drizzle-kit/node_modules/@esbuild/win32-x64,true,true,false,https://registry.npmjs.org/@esbuild/win32-x64/-/win32-x64-0.25.12.tgz,public_recorded,cutnote/package-lock.json#packages/node_modules/drizzle-kit/node_modules/@esbuild/win32-x64,License and flags are package-lock declarations; distributed package license texts were not inspected.
npm-lock,esbuild,0.25.12,MIT,transitive,node_modules/drizzle-kit/node_modules/esbuild,true,false,false,https://registry.npmjs.org/esbuild/-/esbuild-0.25.12.tgz,public_recorded,cutnote/package-lock.json#packages/node_modules/drizzle-kit/node_modules/esbuild,License and flags are package-lock declarations; distributed package license texts were not inspected.
npm-lock,drizzle-orm,0.45.2,Apache-2.0,direct-runtime,node_modules/drizzle-orm,false,false,false,https://registry.npmjs.org/drizzle-orm/-/drizzle-orm-0.45.2.tgz,public_recorded,cutnote/package-lock.json#packages/node_modules/drizzle-orm,License and flags are package-lock declarations; distributed package license texts were not inspected.
npm-lock,dunder-proto,1.0.1,MIT,transitive,node_modules/dunder-proto,true,false,false,https://registry.npmjs.org/dunder-proto/-/dunder-proto-1.0.1.tgz,public_recorded,cutnote/package-lock.json#packages/node_modules/dunder-proto,License and flags are package-lock declarations; distributed package license texts were not inspected.
npm-lock,electron-to-chromium,1.5.358,ISC,transitive,node_modules/electron-to-chromium,true,false,false,https://registry.npmjs.org/electron-to-chromium/-/electron-to-chromium-1.5.358.tgz,public_recorded,cutnote/package-lock.json#packages/node_modules/electron-to-chromium,License and flags are package-lock declarations; distributed package license texts were not inspected.
npm-lock,embla-carousel,8.6.0,MIT,transitive,node_modules/embla-carousel,false,false,false,https://registry.npmjs.org/embla-carousel/-/embla-carousel-8.6.0.tgz,public_recorded,cutnote/package-lock.json#packages/node_modules/embla-carousel,License and flags are package-lock declarations; distributed package license texts were not inspected.
npm-lock,embla-carousel-react,8.6.0,MIT,direct-runtime,node_modules/embla-carousel-react,false,false,false,https://registry.npmjs.org/embla-carousel-react/-/embla-carousel-react-8.6.0.tgz,public_recorded,cutnote/package-lock.json#packages/node_modules/embla-carousel-react,License and flags are package-lock declarations; distributed package license texts were not inspected.
npm-lock,embla-carousel-reactive-utils,8.6.0,MIT,transitive,node_modules/embla-carousel-reactive-utils,false,false,false,https://registry.npmjs.org/embla-carousel-reactive-utils/-/embla-carousel-reactive-utils-8.6.0.tgz,public_recorded,cutnote/package-lock.json#packages/node_modules/embla-carousel-reactive-utils,License and flags are package-lock declarations; distributed package license texts were not inspected.
npm-lock,emoji-regex,9.2.2,MIT,transitive,node_modules/emoji-regex,true,false,false,https://registry.npmjs.org/emoji-regex/-/emoji-regex-9.2.2.tgz,public_recorded,cutnote/package-lock.json#packages/node_modules/emoji-regex,License and flags are package-lock declarations; distributed package license texts were not inspected.
npm-lock,emoji-regex-xs,2.0.1,MIT,transitive,node_modules/emoji-regex-xs,true,false,false,https://registry.npmjs.org/emoji-regex-xs/-/emoji-regex-xs-2.0.1.tgz,public_recorded,cutnote/package-lock.json#packages/node_modules/emoji-regex-xs,License and flags are package-lock declarations; distributed package license texts were not inspected.
npm-lock,enhanced-resolve,5.21.3,MIT,transitive,node_modules/enhanced-resolve,true,false,false,https://registry.npmjs.org/enhanced-resolve/-/enhanced-resolve-5.21.3.tgz,public_recorded,cutnote/package-lock.json#packages/node_modules/enhanced-resolve,License and flags are package-lock declarations; distributed package license texts were not inspected.
npm-lock,error-stack-parser-es,1.0.5,MIT,transitive,node_modules/error-stack-parser-es,true,false,false,https://registry.npmjs.org/error-stack-parser-es/-/error-stack-parser-es-1.0.5.tgz,public_recorded,cutnote/package-lock.json#packages/node_modules/error-stack-parser-es,License and flags are package-lock declarations; distributed package license texts were not inspected.
npm-lock,es-abstract,1.24.2,MIT,transitive,node_modules/es-abstract,true,false,false,https://registry.npmjs.org/es-abstract/-/es-abstract-1.24.2.tgz,public_recorded,cutnote/package-lock.json#packages/node_modules/es-abstract,License and flags are package-lock declarations; distributed package license texts were not inspected.
npm-lock,es-define-property,1.0.1,MIT,transitive,node_modules/es-define-property,true,false,false,https://registry.npmjs.org/es-define-property/-/es-define-property-1.0.1.tgz,public_recorded,cutnote/package-lock.json#packages/node_modules/es-define-property,License and flags are package-lock declarations; distributed package license texts were not inspected.
npm-lock,es-errors,1.3.0,MIT,transitive,node_modules/es-errors,true,false,false,https://registry.npmjs.org/es-errors/-/es-errors-1.3.0.tgz,public_recorded,cutnote/package-lock.json#packages/node_modules/es-errors,License and flags are package-lock declarations; distributed package license texts were not inspected.
npm-lock,es-iterator-helpers,1.3.2,MIT,transitive,node_modules/es-iterator-helpers,true,false,false,https://registry.npmjs.org/es-iterator-helpers/-/es-iterator-helpers-1.3.2.tgz,public_recorded,cutnote/package-lock.json#packages/node_modules/es-iterator-helpers,License and flags are package-lock declarations; distributed package license texts were not inspected.
npm-lock,es-module-lexer,2.1.0,MIT,transitive,node_modules/es-module-lexer,true,false,false,https://registry.npmjs.org/es-module-lexer/-/es-module-lexer-2.1.0.tgz,public_recorded,cutnote/package-lock.json#packages/node_modules/es-module-lexer,License and flags are package-lock declarations; distributed package license texts were not inspected.
npm-lock,es-object-atoms,1.1.1,MIT,transitive,node_modules/es-object-atoms,true,false,false,https://registry.npmjs.org/es-object-atoms/-/es-object-atoms-1.1.1.tgz,public_recorded,cutnote/package-lock.json#packages/node_modules/es-object-atoms,License and flags are package-lock declarations; distributed package license texts were not inspected.
npm-lock,es-set-tostringtag,2.1.0,MIT,transitive,node_modules/es-set-tostringtag,true,false,false,https://registry.npmjs.org/es-set-tostringtag/-/es-set-tostringtag-2.1.0.tgz,public_recorded,cutnote/package-lock.json#packages/node_modules/es-set-tostringtag,License and flags are package-lock declarations; distributed package license texts were not inspected.
npm-lock,es-shim-unscopables,1.1.0,MIT,transitive,node_modules/es-shim-unscopables,true,false,false,https://registry.npmjs.org/es-shim-unscopables/-/es-shim-unscopables-1.1.0.tgz,public_recorded,cutnote/package-lock.json#packages/node_modules/es-shim-unscopables,License and flags are package-lock declarations; distributed package license texts were not inspected.
npm-lock,es-to-primitive,1.3.0,MIT,transitive,node_modules/es-to-primitive,true,false,false,https://registry.npmjs.org/es-to-primitive/-/es-to-primitive-1.3.0.tgz,public_recorded,cutnote/package-lock.json#packages/node_modules/es-to-primitive,License and flags are package-lock declarations; distributed package license texts were not inspected.
npm-lock,es-toolkit,1.50.0,MIT,transitive,node_modules/es-toolkit,false,false,false,https://registry.npmjs.org/es-toolkit/-/es-toolkit-1.50.0.tgz,public_recorded,cutnote/package-lock.json#packages/node_modules/es-toolkit,License and flags are package-lock declarations; distributed package license texts were not inspected.
npm-lock,esbuild,0.28.0,MIT,transitive,node_modules/esbuild,true,false,false,https://registry.npmjs.org/esbuild/-/esbuild-0.28.0.tgz,public_recorded,cutnote/package-lock.json#packages/node_modules/esbuild,License and flags are package-lock declarations; distributed package license texts were not inspected.
npm-lock,escalade,3.2.0,MIT,transitive,node_modules/escalade,true,false,false,https://registry.npmjs.org/escalade/-/escalade-3.2.0.tgz,public_recorded,cutnote/package-lock.json#packages/node_modules/escalade,License and flags are package-lock declarations; distributed package license texts were not inspected.
npm-lock,escape-html,1.0.3,MIT,transitive,node_modules/escape-html,true,false,false,https://registry.npmjs.org/escape-html/-/escape-html-1.0.3.tgz,public_recorded,cutnote/package-lock.json#packages/node_modules/escape-html,License and flags are package-lock declarations; distributed package license texts were not inspected.
npm-lock,escape-string-regexp,4.0.0,MIT,transitive,node_modules/escape-string-regexp,true,false,false,https://registry.npmjs.org/escape-string-regexp/-/escape-string-regexp-4.0.0.tgz,public_recorded,cutnote/package-lock.json#packages/node_modules/escape-string-regexp,License and flags are package-lock declarations; distributed package license texts were not inspected.
npm-lock,eslint,9.39.4,MIT,direct-dev,node_modules/eslint,true,false,false,https://registry.npmjs.org/eslint/-/eslint-9.39.4.tgz,public_recorded,cutnote/package-lock.json#packages/node_modules/eslint,License and flags are package-lock declarations; distributed package license texts were not inspected.
npm-lock,eslint-config-next,16.3.4,MIT,direct-dev,node_modules/eslint-config-next,true,false,false,https://registry.npmjs.org/eslint-config-next/-/eslint-config-next-16.3.4.tgz,public_recorded,cutnote/package-lock.json#packages/node_modules/eslint-config-next,License and flags are package-lock declarations; distributed package license texts were not inspected.
npm-lock,globals,16.4.0,MIT,transitive,node_modules/eslint-config-next/node_modules/globals,true,false,false,https://registry.npmjs.org/globals/-/globals-16.4.0.tgz,public_recorded,cutnote/package-lock.json#packages/node_modules/eslint-config-next/node_modules/globals,License and flags are package-lock declarations; distributed package license texts were not inspected.
npm-lock,eslint-import-resolver-node,0.3.10,MIT,transitive,node_modules/eslint-import-resolver-node,true,false,false,https://registry.npmjs.org/eslint-import-resolver-node/-/eslint-import-resolver-node-0.3.10.tgz,public_recorded,cutnote/package-lock.json#packages/node_modules/eslint-import-resolver-node,License and flags are package-lock declarations; distributed package license texts were not inspected.
npm-lock,debug,3.2.7,MIT,transitive,node_modules/eslint-import-resolver-node/node_modules/debug,true,false,false,https://registry.npmjs.org/debug/-/debug-3.2.7.tgz,public_recorded,cutnote/package-lock.json#packages/node_modules/eslint-import-resolver-node/node_modules/debug,License and flags are package-lock declarations; distributed package license texts were not inspected.
npm-lock,eslint-import-resolver-typescript,3.10.1,ISC,transitive,node_modules/eslint-import-resolver-typescript,true,false,false,https://registry.npmjs.org/eslint-import-resolver-typescript/-/eslint-import-resolver-typescript-3.10.1.tgz,public_recorded,cutnote/package-lock.json#packages/node_modules/eslint-import-resolver-typescript,License and flags are package-lock declarations; distributed package license texts were not inspected.
npm-lock,eslint-module-utils,2.12.1,MIT,transitive,node_modules/eslint-module-utils,true,false,false,https://registry.npmjs.org/eslint-module-utils/-/eslint-module-utils-2.12.1.tgz,public_recorded,cutnote/package-lock.json#packages/node_modules/eslint-module-utils,License and flags are package-lock declarations; distributed package license texts were not inspected.
npm-lock,debug,3.2.7,MIT,transitive,node_modules/eslint-module-utils/node_modules/debug,true,false,false,https://registry.npmjs.org/debug/-/debug-3.2.7.tgz,public_recorded,cutnote/package-lock.json#packages/node_modules/eslint-module-utils/node_modules/debug,License and flags are package-lock declarations; distributed package license texts were not inspected.
npm-lock,eslint-plugin-import,2.32.0,MIT,transitive,node_modules/eslint-plugin-import,true,false,false,https://registry.npmjs.org/eslint-plugin-import/-/eslint-plugin-import-2.32.0.tgz,public_recorded,cutnote/package-lock.json#packages/node_modules/eslint-plugin-import,License and flags are package-lock declarations; distributed package license texts were not inspected.
npm-lock,debug,3.2.7,MIT,transitive,node_modules/eslint-plugin-import/node_modules/debug,true,false,false,https://registry.npmjs.org/debug/-/debug-3.2.7.tgz,public_recorded,cutnote/package-lock.json#packages/node_modules/eslint-plugin-import/node_modules/debug,License and flags are package-lock declarations; distributed package license texts were not inspected.
npm-lock,eslint-plugin-jsx-a11y,6.10.2,MIT,transitive,node_modules/eslint-plugin-jsx-a11y,true,false,false,https://registry.npmjs.org/eslint-plugin-jsx-a11y/-/eslint-plugin-jsx-a11y-6.10.2.tgz,public_recorded,cutnote/package-lock.json#packages/node_modules/eslint-plugin-jsx-a11y,License and flags are package-lock declarations; distributed package license texts were not inspected.
npm-lock,eslint-plugin-react,7.37.5,MIT,transitive,node_modules/eslint-plugin-react,true,false,false,https://registry.npmjs.org/eslint-plugin-react/-/eslint-plugin-react-7.37.5.tgz,public_recorded,cutnote/package-lock.json#packages/node_modules/eslint-plugin-react,License and flags are package-lock declarations; distributed package license texts were not inspected.
npm-lock,eslint-plugin-react-hooks,7.1.1,MIT,transitive,node_modules/eslint-plugin-react-hooks,true,false,false,https://registry.npmjs.org/eslint-plugin-react-hooks/-/eslint-plugin-react-hooks-7.1.1.tgz,public_recorded,cutnote/package-lock.json#packages/node_modules/eslint-plugin-react-hooks,License and flags are package-lock declarations; distributed package license texts were not inspected.
npm-lock,eslint-scope,8.4.0,BSD-2-Clause,transitive,node_modules/eslint-scope,true,false,false,https://registry.npmjs.org/eslint-scope/-/eslint-scope-8.4.0.tgz,public_recorded,cutnote/package-lock.json#packages/node_modules/eslint-scope,License and flags are package-lock declarations; distributed package license texts were not inspected.
npm-lock,eslint-visitor-keys,4.2.1,Apache-2.0,transitive,node_modules/eslint-visitor-keys,true,false,false,https://registry.npmjs.org/eslint-visitor-keys/-/eslint-visitor-keys-4.2.1.tgz,public_recorded,cutnote/package-lock.json#packages/node_modules/eslint-visitor-keys,License and flags are package-lock declarations; distributed package license texts were not inspected.
npm-lock,ajv,6.15.0,MIT,transitive,node_modules/eslint/node_modules/ajv,true,false,false,https://registry.npmjs.org/ajv/-/ajv-6.15.0.tgz,public_recorded,cutnote/package-lock.json#packages/node_modules/eslint/node_modules/ajv,License and flags are package-lock declarations; distributed package license texts were not inspected.
npm-lock,json-schema-traverse,0.4.1,MIT,transitive,node_modules/eslint/node_modules/json-schema-traverse,true,false,false,https://registry.npmjs.org/json-schema-traverse/-/json-schema-traverse-0.4.1.tgz,public_recorded,cutnote/package-lock.json#packages/node_modules/eslint/node_modules/json-schema-traverse,License and flags are package-lock declarations; distributed package license texts were not inspected.
npm-lock,espree,10.4.0,BSD-2-Clause,transitive,node_modules/espree,true,false,false,https://registry.npmjs.org/espree/-/espree-10.4.0.tgz,public_recorded,cutnote/package-lock.json#packages/node_modules/espree,License and flags are package-lock declarations; distributed package license texts were not inspected.
npm-lock,esquery,1.7.0,BSD-3-Clause,transitive,node_modules/esquery,true,false,false,https://registry.npmjs.org/esquery/-/esquery-1.7.0.tgz,public_recorded,cutnote/package-lock.json#packages/node_modules/esquery,License and flags are package-lock declarations; distributed package license texts were not inspected.
npm-lock,esrecurse,4.3.0,BSD-2-Clause,transitive,node_modules/esrecurse,true,false,false,https://registry.npmjs.org/esrecurse/-/esrecurse-4.3.0.tgz,public_recorded,cutnote/package-lock.json#packages/node_modules/esrecurse,License and flags are package-lock declarations; distributed package license texts were not inspected.
npm-lock,estraverse,5.3.0,BSD-2-Clause,transitive,node_modules/estraverse,true,false,false,https://registry.npmjs.org/estraverse/-/estraverse-5.3.0.tgz,public_recorded,cutnote/package-lock.json#packages/node_modules/estraverse,License and flags are package-lock declarations; distributed package license texts were not inspected.
npm-lock,estree-walker,3.0.3,MIT,transitive,node_modules/estree-walker,true,false,false,https://registry.npmjs.org/estree-walker/-/estree-walker-3.0.3.tgz,public_recorded,cutnote/package-lock.json#packages/node_modules/estree-walker,License and flags are package-lock declarations; distributed package license texts were not inspected.
npm-lock,esutils,2.0.3,BSD-2-Clause,transitive,node_modules/esutils,true,false,false,https://registry.npmjs.org/esutils/-/esutils-2.0.3.tgz,public_recorded,cutnote/package-lock.json#packages/node_modules/esutils,License and flags are package-lock declarations; distributed package license texts were not inspected.
npm-lock,eventemitter3,5.0.4,MIT,transitive,node_modules/eventemitter3,false,false,false,https://registry.npmjs.org/eventemitter3/-/eventemitter3-5.0.4.tgz,public_recorded,cutnote/package-lock.json#packages/node_modules/eventemitter3,License and flags are package-lock declarations; distributed package license texts were not inspected.
npm-lock,events,3.3.0,MIT,transitive,node_modules/events,true,false,false,https://registry.npmjs.org/events/-/events-3.3.0.tgz,public_recorded,cutnote/package-lock.json#packages/node_modules/events,License and flags are package-lock declarations; distributed package license texts were not inspected.
npm-lock,fast-deep-equal,3.1.3,MIT,transitive,node_modules/fast-deep-equal,false,false,false,https://registry.npmjs.org/fast-deep-equal/-/fast-deep-equal-3.1.3.tgz,public_recorded,cutnote/package-lock.json#packages/node_modules/fast-deep-equal,License and flags are package-lock declarations; distributed package license texts were not inspected.
npm-lock,fast-glob,3.3.1,MIT,transitive,node_modules/fast-glob,true,false,false,https://registry.npmjs.org/fast-glob/-/fast-glob-3.3.1.tgz,public_recorded,cutnote/package-lock.json#packages/node_modules/fast-glob,License and flags are package-lock declarations; distributed package license texts were not inspected.
npm-lock,glob-parent,5.1.2,ISC,transitive,node_modules/fast-glob/node_modules/glob-parent,true,false,false,https://registry.npmjs.org/glob-parent/-/glob-parent-5.1.2.tgz,public_recorded,cutnote/package-lock.json#packages/node_modules/fast-glob/node_modules/glob-parent,License and flags are package-lock declarations; distributed package license texts were not inspected.
npm-lock,fast-json-stable-stringify,2.1.0,MIT,transitive,node_modules/fast-json-stable-stringify,true,false,false,https://registry.npmjs.org/fast-json-stable-stringify/-/fast-json-stable-stringify-2.1.0.tgz,public_recorded,cutnote/package-lock.json#packages/node_modules/fast-json-stable-stringify,License and flags are package-lock declarations; distributed package license texts were not inspected.
npm-lock,fast-levenshtein,2.0.6,MIT,transitive,node_modules/fast-levenshtein,true,false,false,https://registry.npmjs.org/fast-levenshtein/-/fast-levenshtein-2.0.6.tgz,public_recorded,cutnote/package-lock.json#packages/node_modules/fast-levenshtein,License and flags are package-lock declarations; distributed package license texts were not inspected.
npm-lock,fast-uri,3.1.7,BSD-3-Clause,transitive,node_modules/fast-uri,false,false,false,https://registry.npmjs.org/fast-uri/-/fast-uri-3.1.7.tgz,public_recorded,cutnote/package-lock.json#packages/node_modules/fast-uri,License and flags are package-lock declarations; distributed package license texts were not inspected.
npm-lock,fastq,1.20.1,ISC,transitive,node_modules/fastq,true,false,false,https://registry.npmjs.org/fastq/-/fastq-1.20.1.tgz,public_recorded,cutnote/package-lock.json#packages/node_modules/fastq,License and flags are package-lock declarations; distributed package license texts were not inspected.
npm-lock,fflate,0.7.4,MIT,transitive,node_modules/fflate,true,false,false,https://registry.npmjs.org/fflate/-/fflate-0.7.4.tgz,public_recorded,cutnote/package-lock.json#packages/node_modules/fflate,License and flags are package-lock declarations; distributed package license texts were not inspected.
npm-lock,file-entry-cache,8.0.0,MIT,transitive,node_modules/file-entry-cache,true,false,false,https://registry.npmjs.org/file-entry-cache/-/file-entry-cache-8.0.0.tgz,public_recorded,cutnote/package-lock.json#packages/node_modules/file-entry-cache,License and flags are package-lock declarations; distributed package license texts were not inspected.
npm-lock,fill-range,7.1.1,MIT,transitive,node_modules/fill-range,true,false,false,https://registry.npmjs.org/fill-range/-/fill-range-7.1.1.tgz,public_recorded,cutnote/package-lock.json#packages/node_modules/fill-range,License and flags are package-lock declarations; distributed package license texts were not inspected.
npm-lock,find-up,5.0.0,MIT,transitive,node_modules/find-up,true,false,false,https://registry.npmjs.org/find-up/-/find-up-5.0.0.tgz,public_recorded,cutnote/package-lock.json#packages/node_modules/find-up,License and flags are package-lock declarations; distributed package license texts were not inspected.
npm-lock,flat-cache,4.0.1,MIT,transitive,node_modules/flat-cache,true,false,false,https://registry.npmjs.org/flat-cache/-/flat-cache-4.0.1.tgz,public_recorded,cutnote/package-lock.json#packages/node_modules/flat-cache,License and flags are package-lock declarations; distributed package license texts were not inspected.
npm-lock,flatted,3.4.2,ISC,transitive,node_modules/flatted,true,false,false,https://registry.npmjs.org/flatted/-/flatted-3.4.2.tgz,public_recorded,cutnote/package-lock.json#packages/node_modules/flatted,License and flags are package-lock declarations; distributed package license texts were not inspected.
npm-lock,for-each,0.3.5,MIT,transitive,node_modules/for-each,true,false,false,https://registry.npmjs.org/for-each/-/for-each-0.3.5.tgz,public_recorded,cutnote/package-lock.json#packages/node_modules/for-each,License and flags are package-lock declarations; distributed package license texts were not inspected.
npm-lock,fsevents,2.3.3,MIT,transitive,node_modules/fsevents,true,true,false,https://registry.npmjs.org/fsevents/-/fsevents-2.3.3.tgz,public_recorded,cutnote/package-lock.json#packages/node_modules/fsevents,License and flags are package-lock declarations; distributed package license texts were not inspected.
npm-lock,function-bind,1.1.2,MIT,transitive,node_modules/function-bind,true,false,false,https://registry.npmjs.org/function-bind/-/function-bind-1.1.2.tgz,public_recorded,cutnote/package-lock.json#packages/node_modules/function-bind,License and flags are package-lock declarations; distributed package license texts were not inspected.
npm-lock,function.prototype.name,1.1.8,MIT,transitive,node_modules/function.prototype.name,true,false,false,https://registry.npmjs.org/function.prototype.name/-/function.prototype.name-1.1.8.tgz,public_recorded,cutnote/package-lock.json#packages/node_modules/function.prototype.name,License and flags are package-lock declarations; distributed package license texts were not inspected.
npm-lock,functions-have-names,1.2.3,MIT,transitive,node_modules/functions-have-names,true,false,false,https://registry.npmjs.org/functions-have-names/-/functions-have-names-1.2.3.tgz,public_recorded,cutnote/package-lock.json#packages/node_modules/functions-have-names,License and flags are package-lock declarations; distributed package license texts were not inspected.
npm-lock,generator-function,2.0.1,MIT,transitive,node_modules/generator-function,true,false,false,https://registry.npmjs.org/generator-function/-/generator-function-2.0.1.tgz,public_recorded,cutnote/package-lock.json#packages/node_modules/generator-function,License and flags are package-lock declarations; distributed package license texts were not inspected.
npm-lock,gensync,1.0.0-beta.2,MIT,transitive,node_modules/gensync,true,false,false,https://registry.npmjs.org/gensync/-/gensync-1.0.0-beta.2.tgz,public_recorded,cutnote/package-lock.json#packages/node_modules/gensync,License and flags are package-lock declarations; distributed package license texts were not inspected.
npm-lock,get-intrinsic,1.3.0,MIT,transitive,node_modules/get-intrinsic,true,false,false,https://registry.npmjs.org/get-intrinsic/-/get-intrinsic-1.3.0.tgz,public_recorded,cutnote/package-lock.json#packages/node_modules/get-intrinsic,License and flags are package-lock declarations; distributed package license texts were not inspected.
npm-lock,get-nonce,1.0.1,MIT,transitive,node_modules/get-nonce,false,false,false,https://registry.npmjs.org/get-nonce/-/get-nonce-1.0.1.tgz,public_recorded,cutnote/package-lock.json#packages/node_modules/get-nonce,License and flags are package-lock declarations; distributed package license texts were not inspected.
npm-lock,get-proto,1.0.1,MIT,transitive,node_modules/get-proto,true,false,false,https://registry.npmjs.org/get-proto/-/get-proto-1.0.1.tgz,public_recorded,cutnote/package-lock.json#packages/node_modules/get-proto,License and flags are package-lock declarations; distributed package license texts were not inspected.
npm-lock,get-symbol-description,1.1.0,MIT,transitive,node_modules/get-symbol-description,true,false,false,https://registry.npmjs.org/get-symbol-description/-/get-symbol-description-1.1.0.tgz,public_recorded,cutnote/package-lock.json#packages/node_modules/get-symbol-description,License and flags are package-lock declarations; distributed package license texts were not inspected.
npm-lock,get-tsconfig,4.14.0,MIT,transitive,node_modules/get-tsconfig,true,false,false,https://registry.npmjs.org/get-tsconfig/-/get-tsconfig-4.14.0.tgz,public_recorded,cutnote/package-lock.json#packages/node_modules/get-tsconfig,License and flags are package-lock declarations; distributed package license texts were not inspected.
npm-lock,glob-parent,6.0.2,ISC,transitive,node_modules/glob-parent,true,false,false,https://registry.npmjs.org/glob-parent/-/glob-parent-6.0.2.tgz,public_recorded,cutnote/package-lock.json#packages/node_modules/glob-parent,License and flags are package-lock declarations; distributed package license texts were not inspected.
npm-lock,glob-to-regexp,0.4.1,BSD-2-Clause,transitive,node_modules/glob-to-regexp,true,false,false,https://registry.npmjs.org/glob-to-regexp/-/glob-to-regexp-0.4.1.tgz,public_recorded,cutnote/package-lock.json#packages/node_modules/glob-to-regexp,License and flags are package-lock declarations; distributed package license texts were not inspected.
npm-lock,globals,14.0.0,MIT,transitive,node_modules/globals,true,false,false,https://registry.npmjs.org/globals/-/globals-14.0.0.tgz,public_recorded,cutnote/package-lock.json#packages/node_modules/globals,License and flags are package-lock declarations; distributed package license texts were not inspected.
npm-lock,globalthis,1.0.4,MIT,transitive,node_modules/globalthis,true,false,false,https://registry.npmjs.org/globalthis/-/globalthis-1.0.4.tgz,public_recorded,cutnote/package-lock.json#packages/node_modules/globalthis,License and flags are package-lock declarations; distributed package license texts were not inspected.
npm-lock,gopd,1.2.0,MIT,transitive,node_modules/gopd,true,false,false,https://registry.npmjs.org/gopd/-/gopd-1.2.0.tgz,public_recorded,cutnote/package-lock.json#packages/node_modules/gopd,License and flags are package-lock declarations; distributed package license texts were not inspected.
npm-lock,graceful-fs,4.2.11,ISC,transitive,node_modules/graceful-fs,true,false,false,https://registry.npmjs.org/graceful-fs/-/graceful-fs-4.2.11.tgz,public_recorded,cutnote/package-lock.json#packages/node_modules/graceful-fs,License and flags are package-lock declarations; distributed package license texts were not inspected.
npm-lock,has-bigints,1.1.0,MIT,transitive,node_modules/has-bigints,true,false,false,https://registry.npmjs.org/has-bigints/-/has-bigints-1.1.0.tgz,public_recorded,cutnote/package-lock.json#packages/node_modules/has-bigints,License and flags are package-lock declarations; distributed package license texts were not inspected.
npm-lock,has-flag,4.0.0,MIT,transitive,node_modules/has-flag,true,false,false,https://registry.npmjs.org/has-flag/-/has-flag-4.0.0.tgz,public_recorded,cutnote/package-lock.json#packages/node_modules/has-flag,License and flags are package-lock declarations; distributed package license texts were not inspected.
npm-lock,has-property-descriptors,1.0.2,MIT,transitive,node_modules/has-property-descriptors,true,false,false,https://registry.npmjs.org/has-property-descriptors/-/has-property-descriptors-1.0.2.tgz,public_recorded,cutnote/package-lock.json#packages/node_modules/has-property-descriptors,License and flags are package-lock declarations; distributed package license texts were not inspected.
npm-lock,has-proto,1.2.0,MIT,transitive,node_modules/has-proto,true,false,false,https://registry.npmjs.org/has-proto/-/has-proto-1.2.0.tgz,public_recorded,cutnote/package-lock.json#packages/node_modules/has-proto,License and flags are package-lock declarations; distributed package license texts were not inspected.
npm-lock,has-symbols,1.1.0,MIT,transitive,node_modules/has-symbols,true,false,false,https://registry.npmjs.org/has-symbols/-/has-symbols-1.1.0.tgz,public_recorded,cutnote/package-lock.json#packages/node_modules/has-symbols,License and flags are package-lock declarations; distributed package license texts were not inspected.
npm-lock,has-tostringtag,1.0.2,MIT,transitive,node_modules/has-tostringtag,true,false,false,https://registry.npmjs.org/has-tostringtag/-/has-tostringtag-1.0.2.tgz,public_recorded,cutnote/package-lock.json#packages/node_modules/has-tostringtag,License and flags are package-lock declarations; distributed package license texts were not inspected.
npm-lock,hasown,2.0.3,MIT,transitive,node_modules/hasown,true,false,false,https://registry.npmjs.org/hasown/-/hasown-2.0.3.tgz,public_recorded,cutnote/package-lock.json#packages/node_modules/hasown,License and flags are package-lock declarations; distributed package license texts were not inspected.
npm-lock,hermes-estree,0.25.1,MIT,transitive,node_modules/hermes-estree,true,false,false,https://registry.npmjs.org/hermes-estree/-/hermes-estree-0.25.1.tgz,public_recorded,cutnote/package-lock.json#packages/node_modules/hermes-estree,License and flags are package-lock declarations; distributed package license texts were not inspected.
npm-lock,hermes-parser,0.25.1,MIT,transitive,node_modules/hermes-parser,true,false,false,https://registry.npmjs.org/hermes-parser/-/hermes-parser-0.25.1.tgz,public_recorded,cutnote/package-lock.json#packages/node_modules/hermes-parser,License and flags are package-lock declarations; distributed package license texts were not inspected.
npm-lock,hex-rgb,4.3.0,MIT,transitive,node_modules/hex-rgb,true,false,false,https://registry.npmjs.org/hex-rgb/-/hex-rgb-4.3.0.tgz,public_recorded,cutnote/package-lock.json#packages/node_modules/hex-rgb,License and flags are package-lock declarations; distributed package license texts were not inspected.
npm-lock,http-errors,2.0.1,MIT,transitive,node_modules/http-errors,true,false,false,https://registry.npmjs.org/http-errors/-/http-errors-2.0.1.tgz,public_recorded,cutnote/package-lock.json#packages/node_modules/http-errors,License and flags are package-lock declarations; distributed package license texts were not inspected.
npm-lock,iconv-lite,0.7.3,MIT,transitive,node_modules/iconv-lite,true,false,false,https://registry.npmjs.org/iconv-lite/-/iconv-lite-0.7.3.tgz,public_recorded,cutnote/package-lock.json#packages/node_modules/iconv-lite,License and flags are package-lock declarations; distributed package license texts were not inspected.
npm-lock,ignore,5.3.2,MIT,transitive,node_modules/ignore,true,false,false,https://registry.npmjs.org/ignore/-/ignore-5.3.2.tgz,public_recorded,cutnote/package-lock.json#packages/node_modules/ignore,License and flags are package-lock declarations; distributed package license texts were not inspected.
npm-lock,image-size,2.0.2,MIT,transitive,node_modules/image-size,true,false,false,https://registry.npmjs.org/image-size/-/image-size-2.0.2.tgz,public_recorded,cutnote/package-lock.json#packages/node_modules/image-size,License and flags are package-lock declarations; distributed package license texts were not inspected.
npm-lock,immer,10.2.0,MIT,transitive,node_modules/immer,false,false,false,https://registry.npmjs.org/immer/-/immer-10.2.0.tgz,public_recorded,cutnote/package-lock.json#packages/node_modules/immer,License and flags are package-lock declarations; distributed package license texts were not inspected.
npm-lock,import-fresh,3.3.1,MIT,transitive,node_modules/import-fresh,true,false,false,https://registry.npmjs.org/import-fresh/-/import-fresh-3.3.1.tgz,public_recorded,cutnote/package-lock.json#packages/node_modules/import-fresh,License and flags are package-lock declarations; distributed package license texts were not inspected.
npm-lock,imurmurhash,0.1.4,MIT,transitive,node_modules/imurmurhash,true,false,false,https://registry.npmjs.org/imurmurhash/-/imurmurhash-0.1.4.tgz,public_recorded,cutnote/package-lock.json#packages/node_modules/imurmurhash,License and flags are package-lock declarations; distributed package license texts were not inspected.
npm-lock,inherits,2.0.4,ISC,transitive,node_modules/inherits,true,false,false,https://registry.npmjs.org/inherits/-/inherits-2.0.4.tgz,public_recorded,cutnote/package-lock.json#packages/node_modules/inherits,License and flags are package-lock declarations; distributed package license texts were not inspected.
npm-lock,input-otp,1.4.2,MIT,direct-runtime,node_modules/input-otp,false,false,false,https://registry.npmjs.org/input-otp/-/input-otp-1.4.2.tgz,public_recorded,cutnote/package-lock.json#packages/node_modules/input-otp,License and flags are package-lock declarations; distributed package license texts were not inspected.
npm-lock,internal-slot,1.1.0,MIT,transitive,node_modules/internal-slot,true,false,false,https://registry.npmjs.org/internal-slot/-/internal-slot-1.1.0.tgz,public_recorded,cutnote/package-lock.json#packages/node_modules/internal-slot,License and flags are package-lock declarations; distributed package license texts were not inspected.
npm-lock,internmap,2.0.3,ISC,transitive,node_modules/internmap,false,false,false,https://registry.npmjs.org/internmap/-/internmap-2.0.3.tgz,public_recorded,cutnote/package-lock.json#packages/node_modules/internmap,License and flags are package-lock declarations; distributed package license texts were not inspected.
npm-lock,ipaddr.js,2.4.0,MIT,transitive,node_modules/ipaddr.js,true,false,false,https://registry.npmjs.org/ipaddr.js/-/ipaddr.js-2.4.0.tgz,public_recorded,cutnote/package-lock.json#packages/node_modules/ipaddr.js,License and flags are package-lock declarations; distributed package license texts were not inspected.
npm-lock,is-array-buffer,3.0.5,MIT,transitive,node_modules/is-array-buffer,true,false,false,https://registry.npmjs.org/is-array-buffer/-/is-array-buffer-3.0.5.tgz,public_recorded,cutnote/package-lock.json#packages/node_modules/is-array-buffer,License and flags are package-lock declarations; distributed package license texts were not inspected.
npm-lock,is-async-function,2.1.1,MIT,transitive,node_modules/is-async-function,true,false,false,https://registry.npmjs.org/is-async-function/-/is-async-function-2.1.1.tgz,public_recorded,cutnote/package-lock.json#packages/node_modules/is-async-function,License and flags are package-lock declarations; distributed package license texts were not inspected.
npm-lock,is-bigint,1.1.0,MIT,transitive,node_modules/is-bigint,true,false,false,https://registry.npmjs.org/is-bigint/-/is-bigint-1.1.0.tgz,public_recorded,cutnote/package-lock.json#packages/node_modules/is-bigint,License and flags are package-lock declarations; distributed package license texts were not inspected.
npm-lock,is-boolean-object,1.2.2,MIT,transitive,node_modules/is-boolean-object,true,false,false,https://registry.npmjs.org/is-boolean-object/-/is-boolean-object-1.2.2.tgz,public_recorded,cutnote/package-lock.json#packages/node_modules/is-boolean-object,License and flags are package-lock declarations; distributed package license texts were not inspected.
npm-lock,is-bun-module,2.0.0,MIT,transitive,node_modules/is-bun-module,true,false,false,https://registry.npmjs.org/is-bun-module/-/is-bun-module-2.0.0.tgz,public_recorded,cutnote/package-lock.json#packages/node_modules/is-bun-module,License and flags are package-lock declarations; distributed package license texts were not inspected.
npm-lock,semver,7.8.0,ISC,transitive,node_modules/is-bun-module/node_modules/semver,true,false,false,https://registry.npmjs.org/semver/-/semver-7.8.0.tgz,public_recorded,cutnote/package-lock.json#packages/node_modules/is-bun-module/node_modules/semver,License and flags are package-lock declarations; distributed package license texts were not inspected.
npm-lock,is-callable,1.2.7,MIT,transitive,node_modules/is-callable,true,false,false,https://registry.npmjs.org/is-callable/-/is-callable-1.2.7.tgz,public_recorded,cutnote/package-lock.json#packages/node_modules/is-callable,License and flags are package-lock declarations; distributed package license texts were not inspected.
npm-lock,is-core-module,2.16.2,MIT,transitive,node_modules/is-core-module,true,false,false,https://registry.npmjs.org/is-core-module/-/is-core-module-2.16.2.tgz,public_recorded,cutnote/package-lock.json#packages/node_modules/is-core-module,License and flags are package-lock declarations; distributed package license texts were not inspected.
npm-lock,is-data-view,1.0.2,MIT,transitive,node_modules/is-data-view,true,false,false,https://registry.npmjs.org/is-data-view/-/is-data-view-1.0.2.tgz,public_recorded,cutnote/package-lock.json#packages/node_modules/is-data-view,License and flags are package-lock declarations; distributed package license texts were not inspected.
npm-lock,is-date-object,1.1.0,MIT,transitive,node_modules/is-date-object,true,false,false,https://registry.npmjs.org/is-date-object/-/is-date-object-1.1.0.tgz,public_recorded,cutnote/package-lock.json#packages/node_modules/is-date-object,License and flags are package-lock declarations; distributed package license texts were not inspected.
npm-lock,is-extglob,2.1.1,MIT,transitive,node_modules/is-extglob,true,false,false,https://registry.npmjs.org/is-extglob/-/is-extglob-2.1.1.tgz,public_recorded,cutnote/package-lock.json#packages/node_modules/is-extglob,License and flags are package-lock declarations; distributed package license texts were not inspected.
npm-lock,is-finalizationregistry,1.1.1,MIT,transitive,node_modules/is-finalizationregistry,true,false,false,https://registry.npmjs.org/is-finalizationregistry/-/is-finalizationregistry-1.1.1.tgz,public_recorded,cutnote/package-lock.json#packages/node_modules/is-finalizationregistry,License and flags are package-lock declarations; distributed package license texts were not inspected.
npm-lock,is-generator-function,1.1.2,MIT,transitive,node_modules/is-generator-function,true,false,false,https://registry.npmjs.org/is-generator-function/-/is-generator-function-1.1.2.tgz,public_recorded,cutnote/package-lock.json#packages/node_modules/is-generator-function,License and flags are package-lock declarations; distributed package license texts were not inspected.
npm-lock,is-glob,4.0.3,MIT,transitive,node_modules/is-glob,true,false,false,https://registry.npmjs.org/is-glob/-/is-glob-4.0.3.tgz,public_recorded,cutnote/package-lock.json#packages/node_modules/is-glob,License and flags are package-lock declarations; distributed package license texts were not inspected.
npm-lock,is-map,2.0.3,MIT,transitive,node_modules/is-map,true,false,false,https://registry.npmjs.org/is-map/-/is-map-2.0.3.tgz,public_recorded,cutnote/package-lock.json#packages/node_modules/is-map,License and flags are package-lock declarations; distributed package license texts were not inspected.
npm-lock,is-negative-zero,2.0.3,MIT,transitive,node_modules/is-negative-zero,true,false,false,https://registry.npmjs.org/is-negative-zero/-/is-negative-zero-2.0.3.tgz,public_recorded,cutnote/package-lock.json#packages/node_modules/is-negative-zero,License and flags are package-lock declarations; distributed package license texts were not inspected.
npm-lock,is-number,7.0.0,MIT,transitive,node_modules/is-number,true,false,false,https://registry.npmjs.org/is-number/-/is-number-7.0.0.tgz,public_recorded,cutnote/package-lock.json#packages/node_modules/is-number,License and flags are package-lock declarations; distributed package license texts were not inspected.
npm-lock,is-number-object,1.1.1,MIT,transitive,node_modules/is-number-object,true,false,false,https://registry.npmjs.org/is-number-object/-/is-number-object-1.1.1.tgz,public_recorded,cutnote/package-lock.json#packages/node_modules/is-number-object,License and flags are package-lock declarations; distributed package license texts were not inspected.
npm-lock,is-regex,1.2.1,MIT,transitive,node_modules/is-regex,true,false,false,https://registry.npmjs.org/is-regex/-/is-regex-1.2.1.tgz,public_recorded,cutnote/package-lock.json#packages/node_modules/is-regex,License and flags are package-lock declarations; distributed package license texts were not inspected.
npm-lock,is-set,2.0.3,MIT,transitive,node_modules/is-set,true,false,false,https://registry.npmjs.org/is-set/-/is-set-2.0.3.tgz,public_recorded,cutnote/package-lock.json#packages/node_modules/is-set,License and flags are package-lock declarations; distributed package license texts were not inspected.
npm-lock,is-shared-array-buffer,1.0.4,MIT,transitive,node_modules/is-shared-array-buffer,true,false,false,https://registry.npmjs.org/is-shared-array-buffer/-/is-shared-array-buffer-1.0.4.tgz,public_recorded,cutnote/package-lock.json#packages/node_modules/is-shared-array-buffer,License and flags are package-lock declarations; distributed package license texts were not inspected.
npm-lock,is-string,1.1.1,MIT,transitive,node_modules/is-string,true,false,false,https://registry.npmjs.org/is-string/-/is-string-1.1.1.tgz,public_recorded,cutnote/package-lock.json#packages/node_modules/is-string,License and flags are package-lock declarations; distributed package license texts were not inspected.
npm-lock,is-symbol,1.1.1,MIT,transitive,node_modules/is-symbol,true,false,false,https://registry.npmjs.org/is-symbol/-/is-symbol-1.1.1.tgz,public_recorded,cutnote/package-lock.json#packages/node_modules/is-symbol,License and flags are package-lock declarations; distributed package license texts were not inspected.
npm-lock,is-typed-array,1.1.15,MIT,transitive,node_modules/is-typed-array,true,false,false,https://registry.npmjs.org/is-typed-array/-/is-typed-array-1.1.15.tgz,public_recorded,cutnote/package-lock.json#packages/node_modules/is-typed-array,License and flags are package-lock declarations; distributed package license texts were not inspected.
npm-lock,is-weakmap,2.0.2,MIT,transitive,node_modules/is-weakmap,true,false,false,https://registry.npmjs.org/is-weakmap/-/is-weakmap-2.0.2.tgz,public_recorded,cutnote/package-lock.json#packages/node_modules/is-weakmap,License and flags are package-lock declarations; distributed package license texts were not inspected.
npm-lock,is-weakref,1.1.1,MIT,transitive,node_modules/is-weakref,true,false,false,https://registry.npmjs.org/is-weakref/-/is-weakref-1.1.1.tgz,public_recorded,cutnote/package-lock.json#packages/node_modules/is-weakref,License and flags are package-lock declarations; distributed package license texts were not inspected.
npm-lock,is-weakset,2.0.4,MIT,transitive,node_modules/is-weakset,true,false,false,https://registry.npmjs.org/is-weakset/-/is-weakset-2.0.4.tgz,public_recorded,cutnote/package-lock.json#packages/node_modules/is-weakset,License and flags are package-lock declarations; distributed package license texts were not inspected.
npm-lock,isarray,2.0.5,MIT,transitive,node_modules/isarray,true,false,false,https://registry.npmjs.org/isarray/-/isarray-2.0.5.tgz,public_recorded,cutnote/package-lock.json#packages/node_modules/isarray,License and flags are package-lock declarations; distributed package license texts were not inspected.
npm-lock,isexe,2.0.0,ISC,transitive,node_modules/isexe,true,false,false,https://registry.npmjs.org/isexe/-/isexe-2.0.0.tgz,public_recorded,cutnote/package-lock.json#packages/node_modules/isexe,License and flags are package-lock declarations; distributed package license texts were not inspected.
npm-lock,iterator.prototype,1.1.5,MIT,transitive,node_modules/iterator.prototype,true,false,false,https://registry.npmjs.org/iterator.prototype/-/iterator.prototype-1.1.5.tgz,public_recorded,cutnote/package-lock.json#packages/node_modules/iterator.prototype,License and flags are package-lock declarations; distributed package license texts were not inspected.
npm-lock,jest-worker,27.5.1,MIT,transitive,node_modules/jest-worker,true,false,false,https://registry.npmjs.org/jest-worker/-/jest-worker-27.5.1.tgz,public_recorded,cutnote/package-lock.json#packages/node_modules/jest-worker,License and flags are package-lock declarations; distributed package license texts were not inspected.
npm-lock,supports-color,8.1.1,MIT,transitive,node_modules/jest-worker/node_modules/supports-color,true,false,false,https://registry.npmjs.org/supports-color/-/supports-color-8.1.1.tgz,public_recorded,cutnote/package-lock.json#packages/node_modules/jest-worker/node_modules/supports-color,License and flags are package-lock declarations; distributed package license texts were not inspected.
npm-lock,jiti,2.7.0,MIT,transitive,node_modules/jiti,true,false,false,https://registry.npmjs.org/jiti/-/jiti-2.7.0.tgz,public_recorded,cutnote/package-lock.json#packages/node_modules/jiti,License and flags are package-lock declarations; distributed package license texts were not inspected.
npm-lock,js-tokens,4.0.0,MIT,transitive,node_modules/js-tokens,true,false,false,https://registry.npmjs.org/js-tokens/-/js-tokens-4.0.0.tgz,public_recorded,cutnote/package-lock.json#packages/node_modules/js-tokens,License and flags are package-lock declarations; distributed package license texts were not inspected.
npm-lock,js-yaml,4.1.1,MIT,direct-dev,node_modules/js-yaml,true,false,false,https://registry.npmjs.org/js-yaml/-/js-yaml-4.1.1.tgz,public_recorded,cutnote/package-lock.json#packages/node_modules/js-yaml,License and flags are package-lock declarations; distributed package license texts were not inspected.
npm-lock,jsesc,3.1.0,MIT,transitive,node_modules/jsesc,true,false,false,https://registry.npmjs.org/jsesc/-/jsesc-3.1.0.tgz,public_recorded,cutnote/package-lock.json#packages/node_modules/jsesc,License and flags are package-lock declarations; distributed package license texts were not inspected.
npm-lock,json-buffer,3.0.1,MIT,transitive,node_modules/json-buffer,true,false,false,https://registry.npmjs.org/json-buffer/-/json-buffer-3.0.1.tgz,public_recorded,cutnote/package-lock.json#packages/node_modules/json-buffer,License and flags are package-lock declarations; distributed package license texts were not inspected.
npm-lock,json-rpc-2.0,1.7.1,MIT,direct-dev,node_modules/json-rpc-2.0,true,false,false,https://registry.npmjs.org/json-rpc-2.0/-/json-rpc-2.0-1.7.1.tgz,public_recorded,cutnote/package-lock.json#packages/node_modules/json-rpc-2.0,License and flags are package-lock declarations; distributed package license texts were not inspected.
npm-lock,json-schema-traverse,1.0.0,MIT,transitive,node_modules/json-schema-traverse,false,false,false,https://registry.npmjs.org/json-schema-traverse/-/json-schema-traverse-1.0.0.tgz,public_recorded,cutnote/package-lock.json#packages/node_modules/json-schema-traverse,License and flags are package-lock declarations; distributed package license texts were not inspected.
npm-lock,json-stable-stringify-without-jsonify,1.0.1,MIT,transitive,node_modules/json-stable-stringify-without-jsonify,true,false,false,https://registry.npmjs.org/json-stable-stringify-without-jsonify/-/json-stable-stringify-without-jsonify-1.0.1.tgz,public_recorded,cutnote/package-lock.json#packages/node_modules/json-stable-stringify-without-jsonify,License and flags are package-lock declarations; distributed package license texts were not inspected.
npm-lock,json5,2.2.3,MIT,transitive,node_modules/json5,true,false,false,https://registry.npmjs.org/json5/-/json5-2.2.3.tgz,public_recorded,cutnote/package-lock.json#packages/node_modules/json5,License and flags are package-lock declarations; distributed package license texts were not inspected.
npm-lock,jsx-ast-utils,3.3.5,MIT,transitive,node_modules/jsx-ast-utils,true,false,false,https://registry.npmjs.org/jsx-ast-utils/-/jsx-ast-utils-3.3.5.tgz,public_recorded,cutnote/package-lock.json#packages/node_modules/jsx-ast-utils,License and flags are package-lock declarations; distributed package license texts were not inspected.
npm-lock,keyv,4.5.4,MIT,transitive,node_modules/keyv,true,false,false,https://registry.npmjs.org/keyv/-/keyv-4.5.4.tgz,public_recorded,cutnote/package-lock.json#packages/node_modules/keyv,License and flags are package-lock declarations; distributed package license texts were not inspected.
npm-lock,kleur,4.1.5,MIT,transitive,node_modules/kleur,true,false,false,https://registry.npmjs.org/kleur/-/kleur-4.1.5.tgz,public_recorded,cutnote/package-lock.json#packages/node_modules/kleur,License and flags are package-lock declarations; distributed package license texts were not inspected.
npm-lock,language-subtag-registry,0.3.23,CC0-1.0,transitive,node_modules/language-subtag-registry,true,false,false,https://registry.npmjs.org/language-subtag-registry/-/language-subtag-registry-0.3.23.tgz,public_recorded,cutnote/package-lock.json#packages/node_modules/language-subtag-registry,License and flags are package-lock declarations; distributed package license texts were not inspected.
npm-lock,language-tags,1.0.9,MIT,transitive,node_modules/language-tags,true,false,false,https://registry.npmjs.org/language-tags/-/language-tags-1.0.9.tgz,public_recorded,cutnote/package-lock.json#packages/node_modules/language-tags,License and flags are package-lock declarations; distributed package license texts were not inspected.
npm-lock,levn,0.4.1,MIT,transitive,node_modules/levn,true,false,false,https://registry.npmjs.org/levn/-/levn-0.4.1.tgz,public_recorded,cutnote/package-lock.json#packages/node_modules/levn,License and flags are package-lock declarations; distributed package license texts were not inspected.
npm-lock,lightningcss,1.31.1,MPL-2.0,transitive,node_modules/lightningcss,true,false,false,https://registry.npmjs.org/lightningcss/-/lightningcss-1.31.1.tgz,public_recorded,cutnote/package-lock.json#packages/node_modules/lightningcss,License and flags are package-lock declarations; distributed package license texts were not inspected.
npm-lock,lightningcss-android-arm64,1.31.1,MPL-2.0,transitive,node_modules/lightningcss-android-arm64,true,true,false,https://registry.npmjs.org/lightningcss-android-arm64/-/lightningcss-android-arm64-1.31.1.tgz,public_recorded,cutnote/package-lock.json#packages/node_modules/lightningcss-android-arm64,License and flags are package-lock declarations; distributed package license texts were not inspected.
npm-lock,lightningcss-darwin-arm64,1.31.1,MPL-2.0,transitive,node_modules/lightningcss-darwin-arm64,true,true,false,https://registry.npmjs.org/lightningcss-darwin-arm64/-/lightningcss-darwin-arm64-1.31.1.tgz,public_recorded,cutnote/package-lock.json#packages/node_modules/lightningcss-darwin-arm64,License and flags are package-lock declarations; distributed package license texts were not inspected.
npm-lock,lightningcss-darwin-x64,1.31.1,MPL-2.0,transitive,node_modules/lightningcss-darwin-x64,true,true,false,https://registry.npmjs.org/lightningcss-darwin-x64/-/lightningcss-darwin-x64-1.31.1.tgz,public_recorded,cutnote/package-lock.json#packages/node_modules/lightningcss-darwin-x64,License and flags are package-lock declarations; distributed package license texts were not inspected.
npm-lock,lightningcss-freebsd-x64,1.31.1,MPL-2.0,transitive,node_modules/lightningcss-freebsd-x64,true,true,false,https://registry.npmjs.org/lightningcss-freebsd-x64/-/lightningcss-freebsd-x64-1.31.1.tgz,public_recorded,cutnote/package-lock.json#packages/node_modules/lightningcss-freebsd-x64,License and flags are package-lock declarations; distributed package license texts were not inspected.
npm-lock,lightningcss-linux-arm-gnueabihf,1.31.1,MPL-2.0,transitive,node_modules/lightningcss-linux-arm-gnueabihf,true,true,false,https://registry.npmjs.org/lightningcss-linux-arm-gnueabihf/-/lightningcss-linux-arm-gnueabihf-1.31.1.tgz,public_recorded,cutnote/package-lock.json#packages/node_modules/lightningcss-linux-arm-gnueabihf,License and flags are package-lock declarations; distributed package license texts were not inspected.
npm-lock,lightningcss-linux-arm64-gnu,1.31.1,MPL-2.0,transitive,node_modules/lightningcss-linux-arm64-gnu,true,true,false,https://registry.npmjs.org/lightningcss-linux-arm64-gnu/-/lightningcss-linux-arm64-gnu-1.31.1.tgz,public_recorded,cutnote/package-lock.json#packages/node_modules/lightningcss-linux-arm64-gnu,License and flags are package-lock declarations; distributed package license texts were not inspected.
npm-lock,lightningcss-linux-arm64-musl,1.31.1,MPL-2.0,transitive,node_modules/lightningcss-linux-arm64-musl,true,true,false,https://registry.npmjs.org/lightningcss-linux-arm64-musl/-/lightningcss-linux-arm64-musl-1.31.1.tgz,public_recorded,cutnote/package-lock.json#packages/node_modules/lightningcss-linux-arm64-musl,License and flags are package-lock declarations; distributed package license texts were not inspected.
npm-lock,lightningcss-linux-x64-gnu,1.31.1,MPL-2.0,transitive,node_modules/lightningcss-linux-x64-gnu,true,true,false,https://registry.npmjs.org/lightningcss-linux-x64-gnu/-/lightningcss-linux-x64-gnu-1.31.1.tgz,public_recorded,cutnote/package-lock.json#packages/node_modules/lightningcss-linux-x64-gnu,License and flags are package-lock declarations; distributed package license texts were not inspected.
npm-lock,lightningcss-linux-x64-musl,1.31.1,MPL-2.0,transitive,node_modules/lightningcss-linux-x64-musl,true,true,false,https://registry.npmjs.org/lightningcss-linux-x64-musl/-/lightningcss-linux-x64-musl-1.31.1.tgz,public_recorded,cutnote/package-lock.json#packages/node_modules/lightningcss-linux-x64-musl,License and flags are package-lock declarations; distributed package license texts were not inspected.
npm-lock,lightningcss-win32-arm64-msvc,1.31.1,MPL-2.0,transitive,node_modules/lightningcss-win32-arm64-msvc,true,true,false,https://registry.npmjs.org/lightningcss-win32-arm64-msvc/-/lightningcss-win32-arm64-msvc-1.31.1.tgz,public_recorded,cutnote/package-lock.json#packages/node_modules/lightningcss-win32-arm64-msvc,License and flags are package-lock declarations; distributed package license texts were not inspected.
npm-lock,lightningcss-win32-x64-msvc,1.31.1,MPL-2.0,transitive,node_modules/lightningcss-win32-x64-msvc,true,true,false,https://registry.npmjs.org/lightningcss-win32-x64-msvc/-/lightningcss-win32-x64-msvc-1.31.1.tgz,public_recorded,cutnote/package-lock.json#packages/node_modules/lightningcss-win32-x64-msvc,License and flags are package-lock declarations; distributed package license texts were not inspected.
npm-lock,linebreak,1.1.0,MIT,transitive,node_modules/linebreak,true,false,false,https://registry.npmjs.org/linebreak/-/linebreak-1.1.0.tgz,public_recorded,cutnote/package-lock.json#packages/node_modules/linebreak,License and flags are package-lock declarations; distributed package license texts were not inspected.
npm-lock,loader-runner,4.3.2,MIT,transitive,node_modules/loader-runner,true,false,false,https://registry.npmjs.org/loader-runner/-/loader-runner-4.3.2.tgz,public_recorded,cutnote/package-lock.json#packages/node_modules/loader-runner,License and flags are package-lock declarations; distributed package license texts were not inspected.
npm-lock,locate-path,6.0.0,MIT,transitive,node_modules/locate-path,true,false,false,https://registry.npmjs.org/locate-path/-/locate-path-6.0.0.tgz,public_recorded,cutnote/package-lock.json#packages/node_modules/locate-path,License and flags are package-lock declarations; distributed package license texts were not inspected.
npm-lock,lodash.merge,4.6.2,MIT,transitive,node_modules/lodash.merge,true,false,false,https://registry.npmjs.org/lodash.merge/-/lodash.merge-4.6.2.tgz,public_recorded,cutnote/package-lock.json#packages/node_modules/lodash.merge,License and flags are package-lock declarations; distributed package license texts were not inspected.
npm-lock,loose-envify,1.4.0,MIT,transitive,node_modules/loose-envify,true,false,false,https://registry.npmjs.org/loose-envify/-/loose-envify-1.4.0.tgz,public_recorded,cutnote/package-lock.json#packages/node_modules/loose-envify,License and flags are package-lock declarations; distributed package license texts were not inspected.
npm-lock,lru-cache,5.1.1,ISC,transitive,node_modules/lru-cache,true,false,false,https://registry.npmjs.org/lru-cache/-/lru-cache-5.1.1.tgz,public_recorded,cutnote/package-lock.json#packages/node_modules/lru-cache,License and flags are package-lock declarations; distributed package license texts were not inspected.
npm-lock,lucide-react,1.31.0,ISC,direct-runtime,node_modules/lucide-react,false,false,false,https://registry.npmjs.org/lucide-react/-/lucide-react-1.31.0.tgz,public_recorded,cutnote/package-lock.json#packages/node_modules/lucide-react,License and flags are package-lock declarations; distributed package license texts were not inspected.
npm-lock,magic-string,0.30.21,MIT,transitive,node_modules/magic-string,true,false,false,https://registry.npmjs.org/magic-string/-/magic-string-0.30.21.tgz,public_recorded,cutnote/package-lock.json#packages/node_modules/magic-string,License and flags are package-lock declarations; distributed package license texts were not inspected.
npm-lock,math-intrinsics,1.1.0,MIT,transitive,node_modules/math-intrinsics,true,false,false,https://registry.npmjs.org/math-intrinsics/-/math-intrinsics-1.1.0.tgz,public_recorded,cutnote/package-lock.json#packages/node_modules/math-intrinsics,License and flags are package-lock declarations; distributed package license texts were not inspected.
npm-lock,merge-stream,2.0.0,MIT,transitive,node_modules/merge-stream,true,false,false,https://registry.npmjs.org/merge-stream/-/merge-stream-2.0.0.tgz,public_recorded,cutnote/package-lock.json#packages/node_modules/merge-stream,License and flags are package-lock declarations; distributed package license texts were not inspected.
npm-lock,merge2,1.4.1,MIT,transitive,node_modules/merge2,true,false,false,https://registry.npmjs.org/merge2/-/merge2-1.4.1.tgz,public_recorded,cutnote/package-lock.json#packages/node_modules/merge2,License and flags are package-lock declarations; distributed package license texts were not inspected.
npm-lock,micromatch,4.0.8,MIT,transitive,node_modules/micromatch,true,false,false,https://registry.npmjs.org/micromatch/-/micromatch-4.0.8.tgz,public_recorded,cutnote/package-lock.json#packages/node_modules/micromatch,License and flags are package-lock declarations; distributed package license texts were not inspected.
npm-lock,mime-db,1.54.0,MIT,transitive,node_modules/mime-db,true,false,false,https://registry.npmjs.org/mime-db/-/mime-db-1.54.0.tgz,public_recorded,cutnote/package-lock.json#packages/node_modules/mime-db,License and flags are package-lock declarations; distributed package license texts were not inspected.
npm-lock,miniflare,4.20260515.0,MIT,transitive,node_modules/miniflare,true,false,false,https://registry.npmjs.org/miniflare/-/miniflare-4.20260515.0.tgz,public_recorded,cutnote/package-lock.json#packages/node_modules/miniflare,License and flags are package-lock declarations; distributed package license texts were not inspected.
npm-lock,minimatch,3.1.5,ISC,transitive,node_modules/minimatch,true,false,false,https://registry.npmjs.org/minimatch/-/minimatch-3.1.5.tgz,public_recorded,cutnote/package-lock.json#packages/node_modules/minimatch,License and flags are package-lock declarations; distributed package license texts were not inspected.
npm-lock,minimist,1.2.8,MIT,transitive,node_modules/minimist,true,false,false,https://registry.npmjs.org/minimist/-/minimist-1.2.8.tgz,public_recorded,cutnote/package-lock.json#packages/node_modules/minimist,License and flags are package-lock declarations; distributed package license texts were not inspected.
npm-lock,ms,2.1.3,MIT,transitive,node_modules/ms,true,false,false,https://registry.npmjs.org/ms/-/ms-2.1.3.tgz,public_recorded,cutnote/package-lock.json#packages/node_modules/ms,License and flags are package-lock declarations; distributed package license texts were not inspected.
npm-lock,nanoid,3.3.18,MIT,transitive,node_modules/nanoid,false,false,false,https://registry.npmjs.org/nanoid/-/nanoid-3.3.18.tgz,public_recorded,cutnote/package-lock.json#packages/node_modules/nanoid,License and flags are package-lock declarations; distributed package license texts were not inspected.
npm-lock,napi-postinstall,0.3.4,MIT,transitive,node_modules/napi-postinstall,true,false,false,https://registry.npmjs.org/napi-postinstall/-/napi-postinstall-0.3.4.tgz,public_recorded,cutnote/package-lock.json#packages/node_modules/napi-postinstall,License and flags are package-lock declarations; distributed package license texts were not inspected.
npm-lock,natural-compare,1.4.0,MIT,transitive,node_modules/natural-compare,true,false,false,https://registry.npmjs.org/natural-compare/-/natural-compare-1.4.0.tgz,public_recorded,cutnote/package-lock.json#packages/node_modules/natural-compare,License and flags are package-lock declarations; distributed package license texts were not inspected.
npm-lock,neo-async,2.6.2,MIT,transitive,node_modules/neo-async,true,false,false,https://registry.npmjs.org/neo-async/-/neo-async-2.6.2.tgz,public_recorded,cutnote/package-lock.json#packages/node_modules/neo-async,License and flags are package-lock declarations; distributed package license texts were not inspected.
npm-lock,next,16.3.4,MIT,direct-runtime,node_modules/next,false,false,false,https://registry.npmjs.org/next/-/next-16.3.4.tgz,public_recorded,cutnote/package-lock.json#packages/node_modules/next,License and flags are package-lock declarations; distributed package license texts were not inspected.
npm-lock,next-themes,0.4.6,MIT,direct-runtime,node_modules/next-themes,false,false,false,https://registry.npmjs.org/next-themes/-/next-themes-0.4.6.tgz,public_recorded,cutnote/package-lock.json#packages/node_modules/next-themes,License and flags are package-lock declarations; distributed package license texts were not inspected.
npm-lock,node-exports-info,1.6.0,MIT,transitive,node_modules/node-exports-info,true,false,false,https://registry.npmjs.org/node-exports-info/-/node-exports-info-1.6.0.tgz,public_recorded,cutnote/package-lock.json#packages/node_modules/node-exports-info,License and flags are package-lock declarations; distributed package license texts were not inspected.
npm-lock,node-releases,2.0.44,MIT,transitive,node_modules/node-releases,true,false,false,https://registry.npmjs.org/node-releases/-/node-releases-2.0.44.tgz,public_recorded,cutnote/package-lock.json#packages/node_modules/node-releases,License and flags are package-lock declarations; distributed package license texts were not inspected.
npm-lock,object-assign,4.1.1,MIT,transitive,node_modules/object-assign,true,false,false,https://registry.npmjs.org/object-assign/-/object-assign-4.1.1.tgz,public_recorded,cutnote/package-lock.json#packages/node_modules/object-assign,License and flags are package-lock declarations; distributed package license texts were not inspected.
npm-lock,object-inspect,1.13.4,MIT,transitive,node_modules/object-inspect,true,false,false,https://registry.npmjs.org/object-inspect/-/object-inspect-1.13.4.tgz,public_recorded,cutnote/package-lock.json#packages/node_modules/object-inspect,License and flags are package-lock declarations; distributed package license texts were not inspected.
npm-lock,object-keys,1.1.1,MIT,transitive,node_modules/object-keys,true,false,false,https://registry.npmjs.org/object-keys/-/object-keys-1.1.1.tgz,public_recorded,cutnote/package-lock.json#packages/node_modules/object-keys,License and flags are package-lock declarations; distributed package license texts were not inspected.
npm-lock,object.assign,4.1.7,MIT,transitive,node_modules/object.assign,true,false,false,https://registry.npmjs.org/object.assign/-/object.assign-4.1.7.tgz,public_recorded,cutnote/package-lock.json#packages/node_modules/object.assign,License and flags are package-lock declarations; distributed package license texts were not inspected.
npm-lock,object.entries,1.1.9,MIT,transitive,node_modules/object.entries,true,false,false,https://registry.npmjs.org/object.entries/-/object.entries-1.1.9.tgz,public_recorded,cutnote/package-lock.json#packages/node_modules/object.entries,License and flags are package-lock declarations; distributed package license texts were not inspected.
npm-lock,object.fromentries,2.0.8,MIT,transitive,node_modules/object.fromentries,true,false,false,https://registry.npmjs.org/object.fromentries/-/object.fromentries-2.0.8.tgz,public_recorded,cutnote/package-lock.json#packages/node_modules/object.fromentries,License and flags are package-lock declarations; distributed package license texts were not inspected.
npm-lock,object.groupby,1.0.3,MIT,transitive,node_modules/object.groupby,true,false,false,https://registry.npmjs.org/object.groupby/-/object.groupby-1.0.3.tgz,public_recorded,cutnote/package-lock.json#packages/node_modules/object.groupby,License and flags are package-lock declarations; distributed package license texts were not inspected.
npm-lock,object.values,1.2.1,MIT,transitive,node_modules/object.values,true,false,false,https://registry.npmjs.org/object.values/-/object.values-1.2.1.tgz,public_recorded,cutnote/package-lock.json#packages/node_modules/object.values,License and flags are package-lock declarations; distributed package license texts were not inspected.
npm-lock,optionator,0.9.4,MIT,transitive,node_modules/optionator,true,false,false,https://registry.npmjs.org/optionator/-/optionator-0.9.4.tgz,public_recorded,cutnote/package-lock.json#packages/node_modules/optionator,License and flags are package-lock declarations; distributed package license texts were not inspected.
npm-lock,own-keys,1.0.1,MIT,transitive,node_modules/own-keys,true,false,false,https://registry.npmjs.org/own-keys/-/own-keys-1.0.1.tgz,public_recorded,cutnote/package-lock.json#packages/node_modules/own-keys,License and flags are package-lock declarations; distributed package license texts were not inspected.
npm-lock,p-limit,3.1.0,MIT,transitive,node_modules/p-limit,true,false,false,https://registry.npmjs.org/p-limit/-/p-limit-3.1.0.tgz,public_recorded,cutnote/package-lock.json#packages/node_modules/p-limit,License and flags are package-lock declarations; distributed package license texts were not inspected.
npm-lock,p-locate,5.0.0,MIT,transitive,node_modules/p-locate,true,false,false,https://registry.npmjs.org/p-locate/-/p-locate-5.0.0.tgz,public_recorded,cutnote/package-lock.json#packages/node_modules/p-locate,License and flags are package-lock declarations; distributed package license texts were not inspected.
npm-lock,pako,0.2.9,MIT,transitive,node_modules/pako,true,false,false,https://registry.npmjs.org/pako/-/pako-0.2.9.tgz,public_recorded,cutnote/package-lock.json#packages/node_modules/pako,License and flags are package-lock declarations; distributed package license texts were not inspected.
npm-lock,parent-module,1.0.1,MIT,transitive,node_modules/parent-module,true,false,false,https://registry.npmjs.org/parent-module/-/parent-module-1.0.1.tgz,public_recorded,cutnote/package-lock.json#packages/node_modules/parent-module,License and flags are package-lock declarations; distributed package license texts were not inspected.
npm-lock,parse-css-color,0.2.1,MIT,transitive,node_modules/parse-css-color,true,false,false,https://registry.npmjs.org/parse-css-color/-/parse-css-color-0.2.1.tgz,public_recorded,cutnote/package-lock.json#packages/node_modules/parse-css-color,License and flags are package-lock declarations; distributed package license texts were not inspected.
npm-lock,path-exists,4.0.0,MIT,transitive,node_modules/path-exists,true,false,false,https://registry.npmjs.org/path-exists/-/path-exists-4.0.0.tgz,public_recorded,cutnote/package-lock.json#packages/node_modules/path-exists,License and flags are package-lock declarations; distributed package license texts were not inspected.
npm-lock,path-key,3.1.1,MIT,transitive,node_modules/path-key,true,false,false,https://registry.npmjs.org/path-key/-/path-key-3.1.1.tgz,public_recorded,cutnote/package-lock.json#packages/node_modules/path-key,License and flags are package-lock declarations; distributed package license texts were not inspected.
npm-lock,path-parse,1.0.7,MIT,transitive,node_modules/path-parse,true,false,false,https://registry.npmjs.org/path-parse/-/path-parse-1.0.7.tgz,public_recorded,cutnote/package-lock.json#packages/node_modules/path-parse,License and flags are package-lock declarations; distributed package license texts were not inspected.
npm-lock,path-to-regexp,6.3.0,MIT,transitive,node_modules/path-to-regexp,true,false,false,https://registry.npmjs.org/path-to-regexp/-/path-to-regexp-6.3.0.tgz,public_recorded,cutnote/package-lock.json#packages/node_modules/path-to-regexp,License and flags are package-lock declarations; distributed package license texts were not inspected.
npm-lock,pathe,2.0.3,MIT,transitive,node_modules/pathe,true,false,false,https://registry.npmjs.org/pathe/-/pathe-2.0.3.tgz,public_recorded,cutnote/package-lock.json#packages/node_modules/pathe,License and flags are package-lock declarations; distributed package license texts were not inspected.
npm-lock,picocolors,1.1.1,ISC,transitive,node_modules/picocolors,false,false,false,https://registry.npmjs.org/picocolors/-/picocolors-1.1.1.tgz,public_recorded,cutnote/package-lock.json#packages/node_modules/picocolors,License and flags are package-lock declarations; distributed package license texts were not inspected.
npm-lock,picomatch,2.3.2,MIT,transitive,node_modules/picomatch,true,false,false,https://registry.npmjs.org/picomatch/-/picomatch-2.3.2.tgz,public_recorded,cutnote/package-lock.json#packages/node_modules/picomatch,License and flags are package-lock declarations; distributed package license texts were not inspected.
npm-lock,possible-typed-array-names,1.1.0,MIT,transitive,node_modules/possible-typed-array-names,true,false,false,https://registry.npmjs.org/possible-typed-array-names/-/possible-typed-array-names-1.1.0.tgz,public_recorded,cutnote/package-lock.json#packages/node_modules/possible-typed-array-names,License and flags are package-lock declarations; distributed package license texts were not inspected.
npm-lock,postcss,8.5.23,MIT,transitive,node_modules/postcss,false,false,false,https://registry.npmjs.org/postcss/-/postcss-8.5.23.tgz,public_recorded,cutnote/package-lock.json#packages/node_modules/postcss,License and flags are package-lock declarations; distributed package license texts were not inspected.
npm-lock,postcss-value-parser,4.2.0,MIT,transitive,node_modules/postcss-value-parser,true,false,false,https://registry.npmjs.org/postcss-value-parser/-/postcss-value-parser-4.2.0.tgz,public_recorded,cutnote/package-lock.json#packages/node_modules/postcss-value-parser,License and flags are package-lock declarations; distributed package license texts were not inspected.
npm-lock,prelude-ls,1.2.1,MIT,transitive,node_modules/prelude-ls,true,false,false,https://registry.npmjs.org/prelude-ls/-/prelude-ls-1.2.1.tgz,public_recorded,cutnote/package-lock.json#packages/node_modules/prelude-ls,License and flags are package-lock declarations; distributed package license texts were not inspected.
npm-lock,prop-types,15.8.1,MIT,transitive,node_modules/prop-types,true,false,false,https://registry.npmjs.org/prop-types/-/prop-types-15.8.1.tgz,public_recorded,cutnote/package-lock.json#packages/node_modules/prop-types,License and flags are package-lock declarations; distributed package license texts were not inspected.
npm-lock,punycode,2.3.1,MIT,transitive,node_modules/punycode,true,false,false,https://registry.npmjs.org/punycode/-/punycode-2.3.1.tgz,public_recorded,cutnote/package-lock.json#packages/node_modules/punycode,License and flags are package-lock declarations; distributed package license texts were not inspected.
npm-lock,queue-microtask,1.2.3,MIT,transitive,node_modules/queue-microtask,true,false,false,https://registry.npmjs.org/queue-microtask/-/queue-microtask-1.2.3.tgz,public_recorded,cutnote/package-lock.json#packages/node_modules/queue-microtask,License and flags are package-lock declarations; distributed package license texts were not inspected.
npm-lock,radix-ui,1.6.7,MIT,direct-runtime,node_modules/radix-ui,false,false,false,https://registry.npmjs.org/radix-ui/-/radix-ui-1.6.7.tgz,public_recorded,cutnote/package-lock.json#packages/node_modules/radix-ui,License and flags are package-lock declarations; distributed package license texts were not inspected.
npm-lock,@radix-ui/react-compose-refs,1.1.5,MIT,transitive,node_modules/radix-ui/node_modules/@radix-ui/react-compose-refs,false,false,false,https://registry.npmjs.org/@radix-ui/react-compose-refs/-/react-compose-refs-1.1.5.tgz,public_recorded,cutnote/package-lock.json#packages/node_modules/radix-ui/node_modules/@radix-ui/react-compose-refs,License and flags are package-lock declarations; distributed package license texts were not inspected.
npm-lock,@radix-ui/react-slot,1.3.3,MIT,transitive,node_modules/radix-ui/node_modules/@radix-ui/react-slot,false,false,false,https://registry.npmjs.org/@radix-ui/react-slot/-/react-slot-1.3.3.tgz,public_recorded,cutnote/package-lock.json#packages/node_modules/radix-ui/node_modules/@radix-ui/react-slot,License and flags are package-lock declarations; distributed package license texts were not inspected.
npm-lock,raw-body,3.0.2,MIT,direct-dev,node_modules/raw-body,true,false,false,https://registry.npmjs.org/raw-body/-/raw-body-3.0.2.tgz,public_recorded,cutnote/package-lock.json#packages/node_modules/raw-body,License and flags are package-lock declarations; distributed package license texts were not inspected.
npm-lock,react,19.2.6,MIT,direct-runtime,node_modules/react,false,false,false,https://registry.npmjs.org/react/-/react-19.2.6.tgz,public_recorded,cutnote/package-lock.json#packages/node_modules/react,License and flags are package-lock declarations; distributed package license texts were not inspected.
npm-lock,react-day-picker,10.0.1,MIT,direct-runtime,node_modules/react-day-picker,false,false,false,https://registry.npmjs.org/react-day-picker/-/react-day-picker-10.0.1.tgz,public_recorded,cutnote/package-lock.json#packages/node_modules/react-day-picker,License and flags are package-lock declarations; distributed package license texts were not inspected.
npm-lock,react-dom,19.2.6,MIT,direct-runtime,node_modules/react-dom,false,false,false,https://registry.npmjs.org/react-dom/-/react-dom-19.2.6.tgz,public_recorded,cutnote/package-lock.json#packages/node_modules/react-dom,License and flags are package-lock declarations; distributed package license texts were not inspected.
npm-lock,react-hook-form,7.85.0,MIT,direct-runtime,node_modules/react-hook-form,false,false,false,https://registry.npmjs.org/react-hook-form/-/react-hook-form-7.85.0.tgz,public_recorded,cutnote/package-lock.json#packages/node_modules/react-hook-form,License and flags are package-lock declarations; distributed package license texts were not inspected.
npm-lock,react-is,16.13.1,MIT,transitive,node_modules/react-is,false,false,false,https://registry.npmjs.org/react-is/-/react-is-16.13.1.tgz,public_recorded,cutnote/package-lock.json#packages/node_modules/react-is,License and flags are package-lock declarations; distributed package license texts were not inspected.
npm-lock,react-redux,9.3.0,MIT,transitive,node_modules/react-redux,false,false,false,https://registry.npmjs.org/react-redux/-/react-redux-9.3.0.tgz,public_recorded,cutnote/package-lock.json#packages/node_modules/react-redux,License and flags are package-lock declarations; distributed package license texts were not inspected.
npm-lock,react-remove-scroll,2.7.2,MIT,transitive,node_modules/react-remove-scroll,false,false,false,https://registry.npmjs.org/react-remove-scroll/-/react-remove-scroll-2.7.2.tgz,public_recorded,cutnote/package-lock.json#packages/node_modules/react-remove-scroll,License and flags are package-lock declarations; distributed package license texts were not inspected.
npm-lock,react-remove-scroll-bar,2.3.8,MIT,transitive,node_modules/react-remove-scroll-bar,false,false,false,https://registry.npmjs.org/react-remove-scroll-bar/-/react-remove-scroll-bar-2.3.8.tgz,public_recorded,cutnote/package-lock.json#packages/node_modules/react-remove-scroll-bar,License and flags are package-lock declarations; distributed package license texts were not inspected.
npm-lock,react-resizable-panels,4.12.2,MIT,direct-runtime,node_modules/react-resizable-panels,false,false,false,https://registry.npmjs.org/react-resizable-panels/-/react-resizable-panels-4.12.2.tgz,public_recorded,cutnote/package-lock.json#packages/node_modules/react-resizable-panels,License and flags are package-lock declarations; distributed package license texts were not inspected.
npm-lock,react-server-dom-webpack,19.2.6,MIT,direct-dev,node_modules/react-server-dom-webpack,true,false,false,https://registry.npmjs.org/react-server-dom-webpack/-/react-server-dom-webpack-19.2.6.tgz,public_recorded,cutnote/package-lock.json#packages/node_modules/react-server-dom-webpack,License and flags are package-lock declarations; distributed package license texts were not inspected.
npm-lock,react-style-singleton,2.2.3,MIT,transitive,node_modules/react-style-singleton,false,false,false,https://registry.npmjs.org/react-style-singleton/-/react-style-singleton-2.2.3.tgz,public_recorded,cutnote/package-lock.json#packages/node_modules/react-style-singleton,License and flags are package-lock declarations; distributed package license texts were not inspected.
npm-lock,recharts,3.8.0,MIT,direct-runtime,node_modules/recharts,false,false,false,https://registry.npmjs.org/recharts/-/recharts-3.8.0.tgz,public_recorded,cutnote/package-lock.json#packages/node_modules/recharts,License and flags are package-lock declarations; distributed package license texts were not inspected.
npm-lock,reselect,5.1.1,MIT,transitive,node_modules/recharts/node_modules/reselect,false,false,false,https://registry.npmjs.org/reselect/-/reselect-5.1.1.tgz,public_recorded,cutnote/package-lock.json#packages/node_modules/recharts/node_modules/reselect,License and flags are package-lock declarations; distributed package license texts were not inspected.
npm-lock,redux,5.0.1,MIT,transitive,node_modules/redux,false,false,false,https://registry.npmjs.org/redux/-/redux-5.0.1.tgz,public_recorded,cutnote/package-lock.json#packages/node_modules/redux,License and flags are package-lock declarations; distributed package license texts were not inspected.
npm-lock,redux-thunk,3.1.0,MIT,transitive,node_modules/redux-thunk,false,false,false,https://registry.npmjs.org/redux-thunk/-/redux-thunk-3.1.0.tgz,public_recorded,cutnote/package-lock.json#packages/node_modules/redux-thunk,License and flags are package-lock declarations; distributed package license texts were not inspected.
npm-lock,reflect.getprototypeof,1.0.10,MIT,transitive,node_modules/reflect.getprototypeof,true,false,false,https://registry.npmjs.org/reflect.getprototypeof/-/reflect.getprototypeof-1.0.10.tgz,public_recorded,cutnote/package-lock.json#packages/node_modules/reflect.getprototypeof,License and flags are package-lock declarations; distributed package license texts were not inspected.
npm-lock,regexp.prototype.flags,1.5.4,MIT,transitive,node_modules/regexp.prototype.flags,true,false,false,https://registry.npmjs.org/regexp.prototype.flags/-/regexp.prototype.flags-1.5.4.tgz,public_recorded,cutnote/package-lock.json#packages/node_modules/regexp.prototype.flags,License and flags are package-lock declarations; distributed package license texts were not inspected.
npm-lock,require-from-string,2.0.2,MIT,transitive,node_modules/require-from-string,false,false,false,https://registry.npmjs.org/require-from-string/-/require-from-string-2.0.2.tgz,public_recorded,cutnote/package-lock.json#packages/node_modules/require-from-string,License and flags are package-lock declarations; distributed package license texts were not inspected.
npm-lock,reselect,5.2.0,MIT,transitive,node_modules/reselect,false,false,false,https://registry.npmjs.org/reselect/-/reselect-5.2.0.tgz,public_recorded,cutnote/package-lock.json#packages/node_modules/reselect,License and flags are package-lock declarations; distributed package license texts were not inspected.
npm-lock,resolve,2.0.0-next.7,MIT,transitive,node_modules/resolve,true,false,false,https://registry.npmjs.org/resolve/-/resolve-2.0.0-next.7.tgz,public_recorded,cutnote/package-lock.json#packages/node_modules/resolve,License and flags are package-lock declarations; distributed package license texts were not inspected.
npm-lock,resolve-from,4.0.0,MIT,transitive,node_modules/resolve-from,true,false,false,https://registry.npmjs.org/resolve-from/-/resolve-from-4.0.0.tgz,public_recorded,cutnote/package-lock.json#packages/node_modules/resolve-from,License and flags are package-lock declarations; distributed package license texts were not inspected.
npm-lock,resolve-pkg-maps,1.0.0,MIT,transitive,node_modules/resolve-pkg-maps,true,false,false,https://registry.npmjs.org/resolve-pkg-maps/-/resolve-pkg-maps-1.0.0.tgz,public_recorded,cutnote/package-lock.json#packages/node_modules/resolve-pkg-maps,License and flags are package-lock declarations; distributed package license texts were not inspected.
npm-lock,reusify,1.1.0,MIT,transitive,node_modules/reusify,true,false,false,https://registry.npmjs.org/reusify/-/reusify-1.1.0.tgz,public_recorded,cutnote/package-lock.json#packages/node_modules/reusify,License and flags are package-lock declarations; distributed package license texts were not inspected.
npm-lock,rolldown,1.0.1,MIT,transitive,node_modules/rolldown,true,false,false,https://registry.npmjs.org/rolldown/-/rolldown-1.0.1.tgz,public_recorded,cutnote/package-lock.json#packages/node_modules/rolldown,License and flags are package-lock declarations; distributed package license texts were not inspected.
npm-lock,run-parallel,1.2.0,MIT,transitive,node_modules/run-parallel,true,false,false,https://registry.npmjs.org/run-parallel/-/run-parallel-1.2.0.tgz,public_recorded,cutnote/package-lock.json#packages/node_modules/run-parallel,License and flags are package-lock declarations; distributed package license texts were not inspected.
npm-lock,safe-array-concat,1.1.4,MIT,transitive,node_modules/safe-array-concat,true,false,false,https://registry.npmjs.org/safe-array-concat/-/safe-array-concat-1.1.4.tgz,public_recorded,cutnote/package-lock.json#packages/node_modules/safe-array-concat,License and flags are package-lock declarations; distributed package license texts were not inspected.
npm-lock,safe-push-apply,1.0.0,MIT,transitive,node_modules/safe-push-apply,true,false,false,https://registry.npmjs.org/safe-push-apply/-/safe-push-apply-1.0.0.tgz,public_recorded,cutnote/package-lock.json#packages/node_modules/safe-push-apply,License and flags are package-lock declarations; distributed package license texts were not inspected.
npm-lock,safe-regex-test,1.1.0,MIT,transitive,node_modules/safe-regex-test,true,false,false,https://registry.npmjs.org/safe-regex-test/-/safe-regex-test-1.1.0.tgz,public_recorded,cutnote/package-lock.json#packages/node_modules/safe-regex-test,License and flags are package-lock declarations; distributed package license texts were not inspected.
npm-lock,safer-buffer,2.1.2,MIT,transitive,node_modules/safer-buffer,true,false,false,https://registry.npmjs.org/safer-buffer/-/safer-buffer-2.1.2.tgz,public_recorded,cutnote/package-lock.json#packages/node_modules/safer-buffer,License and flags are package-lock declarations; distributed package license texts were not inspected.
npm-lock,satori,0.16.0,MPL-2.0,transitive,node_modules/satori,true,false,false,https://registry.npmjs.org/satori/-/satori-0.16.0.tgz,public_recorded,cutnote/package-lock.json#packages/node_modules/satori,License and flags are package-lock declarations; distributed package license texts were not inspected.
npm-lock,scheduler,0.27.0,MIT,transitive,node_modules/scheduler,false,false,false,https://registry.npmjs.org/scheduler/-/scheduler-0.27.0.tgz,public_recorded,cutnote/package-lock.json#packages/node_modules/scheduler,License and flags are package-lock declarations; distributed package license texts were not inspected.
npm-lock,schema-utils,4.3.3,MIT,transitive,node_modules/schema-utils,true,false,false,https://registry.npmjs.org/schema-utils/-/schema-utils-4.3.3.tgz,public_recorded,cutnote/package-lock.json#packages/node_modules/schema-utils,License and flags are package-lock declarations; distributed package license texts were not inspected.
npm-lock,ajv-keywords,5.1.0,MIT,transitive,node_modules/schema-utils/node_modules/ajv-keywords,true,false,false,https://registry.npmjs.org/ajv-keywords/-/ajv-keywords-5.1.0.tgz,public_recorded,cutnote/package-lock.json#packages/node_modules/schema-utils/node_modules/ajv-keywords,License and flags are package-lock declarations; distributed package license texts were not inspected.
npm-lock,semver,6.3.1,ISC,transitive,node_modules/semver,true,false,false,https://registry.npmjs.org/semver/-/semver-6.3.1.tgz,public_recorded,cutnote/package-lock.json#packages/node_modules/semver,License and flags are package-lock declarations; distributed package license texts were not inspected.
npm-lock,set-function-length,1.2.2,MIT,transitive,node_modules/set-function-length,true,false,false,https://registry.npmjs.org/set-function-length/-/set-function-length-1.2.2.tgz,public_recorded,cutnote/package-lock.json#packages/node_modules/set-function-length,License and flags are package-lock declarations; distributed package license texts were not inspected.
npm-lock,set-function-name,2.0.2,MIT,transitive,node_modules/set-function-name,true,false,false,https://registry.npmjs.org/set-function-name/-/set-function-name-2.0.2.tgz,public_recorded,cutnote/package-lock.json#packages/node_modules/set-function-name,License and flags are package-lock declarations; distributed package license texts were not inspected.
npm-lock,set-proto,1.0.0,MIT,transitive,node_modules/set-proto,true,false,false,https://registry.npmjs.org/set-proto/-/set-proto-1.0.0.tgz,public_recorded,cutnote/package-lock.json#packages/node_modules/set-proto,License and flags are package-lock declarations; distributed package license texts were not inspected.
npm-lock,setprototypeof,1.2.0,ISC,transitive,node_modules/setprototypeof,true,false,false,https://registry.npmjs.org/setprototypeof/-/setprototypeof-1.2.0.tgz,public_recorded,cutnote/package-lock.json#packages/node_modules/setprototypeof,License and flags are package-lock declarations; distributed package license texts were not inspected.
npm-lock,sharp,0.35.4,Apache-2.0,transitive,node_modules/sharp,false,false,false,https://registry.npmjs.org/sharp/-/sharp-0.35.4.tgz,public_recorded,cutnote/package-lock.json#packages/node_modules/sharp,License and flags are package-lock declarations; distributed package license texts were not inspected.
npm-lock,semver,7.8.5,ISC,transitive,node_modules/sharp/node_modules/semver,false,false,false,https://registry.npmjs.org/semver/-/semver-7.8.5.tgz,public_recorded,cutnote/package-lock.json#packages/node_modules/sharp/node_modules/semver,License and flags are package-lock declarations; distributed package license texts were not inspected.
npm-lock,shebang-command,2.0.0,MIT,transitive,node_modules/shebang-command,true,false,false,https://registry.npmjs.org/shebang-command/-/shebang-command-2.0.0.tgz,public_recorded,cutnote/package-lock.json#packages/node_modules/shebang-command,License and flags are package-lock declarations; distributed package license texts were not inspected.
npm-lock,shebang-regex,3.0.0,MIT,transitive,node_modules/shebang-regex,true,false,false,https://registry.npmjs.org/shebang-regex/-/shebang-regex-3.0.0.tgz,public_recorded,cutnote/package-lock.json#packages/node_modules/shebang-regex,License and flags are package-lock declarations; distributed package license texts were not inspected.
npm-lock,side-channel,1.1.0,MIT,transitive,node_modules/side-channel,true,false,false,https://registry.npmjs.org/side-channel/-/side-channel-1.1.0.tgz,public_recorded,cutnote/package-lock.json#packages/node_modules/side-channel,License and flags are package-lock declarations; distributed package license texts were not inspected.
npm-lock,side-channel-list,1.0.1,MIT,transitive,node_modules/side-channel-list,true,false,false,https://registry.npmjs.org/side-channel-list/-/side-channel-list-1.0.1.tgz,public_recorded,cutnote/package-lock.json#packages/node_modules/side-channel-list,License and flags are package-lock declarations; distributed package license texts were not inspected.
npm-lock,side-channel-map,1.0.1,MIT,transitive,node_modules/side-channel-map,true,false,false,https://registry.npmjs.org/side-channel-map/-/side-channel-map-1.0.1.tgz,public_recorded,cutnote/package-lock.json#packages/node_modules/side-channel-map,License and flags are package-lock declarations; distributed package license texts were not inspected.
npm-lock,side-channel-weakmap,1.0.2,MIT,transitive,node_modules/side-channel-weakmap,true,false,false,https://registry.npmjs.org/side-channel-weakmap/-/side-channel-weakmap-1.0.2.tgz,public_recorded,cutnote/package-lock.json#packages/node_modules/side-channel-weakmap,License and flags are package-lock declarations; distributed package license texts were not inspected.
npm-lock,sonner,2.0.8,MIT,direct-runtime,node_modules/sonner,false,false,false,https://registry.npmjs.org/sonner/-/sonner-2.0.8.tgz,public_recorded,cutnote/package-lock.json#packages/node_modules/sonner,License and flags are package-lock declarations; distributed package license texts were not inspected.
npm-lock,source-map,0.6.1,BSD-3-Clause,transitive,node_modules/source-map,true,false,false,https://registry.npmjs.org/source-map/-/source-map-0.6.1.tgz,public_recorded,cutnote/package-lock.json#packages/node_modules/source-map,License and flags are package-lock declarations; distributed package license texts were not inspected.
npm-lock,source-map-js,1.2.1,BSD-3-Clause,transitive,node_modules/source-map-js,false,false,false,https://registry.npmjs.org/source-map-js/-/source-map-js-1.2.1.tgz,public_recorded,cutnote/package-lock.json#packages/node_modules/source-map-js,License and flags are package-lock declarations; distributed package license texts were not inspected.
npm-lock,source-map-support,0.5.21,MIT,transitive,node_modules/source-map-support,true,false,false,https://registry.npmjs.org/source-map-support/-/source-map-support-0.5.21.tgz,public_recorded,cutnote/package-lock.json#packages/node_modules/source-map-support,License and flags are package-lock declarations; distributed package license texts were not inspected.
npm-lock,srvx,0.11.15,MIT,transitive,node_modules/srvx,true,false,false,https://registry.npmjs.org/srvx/-/srvx-0.11.15.tgz,public_recorded,cutnote/package-lock.json#packages/node_modules/srvx,License and flags are package-lock declarations; distributed package license texts were not inspected.
npm-lock,stable-hash,0.0.5,MIT,transitive,node_modules/stable-hash,true,false,false,https://registry.npmjs.org/stable-hash/-/stable-hash-0.0.5.tgz,public_recorded,cutnote/package-lock.json#packages/node_modules/stable-hash,License and flags are package-lock declarations; distributed package license texts were not inspected.
npm-lock,statuses,2.0.2,MIT,transitive,node_modules/statuses,true,false,false,https://registry.npmjs.org/statuses/-/statuses-2.0.2.tgz,public_recorded,cutnote/package-lock.json#packages/node_modules/statuses,License and flags are package-lock declarations; distributed package license texts were not inspected.
npm-lock,stop-iteration-iterator,1.1.0,MIT,transitive,node_modules/stop-iteration-iterator,true,false,false,https://registry.npmjs.org/stop-iteration-iterator/-/stop-iteration-iterator-1.1.0.tgz,public_recorded,cutnote/package-lock.json#packages/node_modules/stop-iteration-iterator,License and flags are package-lock declarations; distributed package license texts were not inspected.
npm-lock,string.prototype.codepointat,0.2.1,MIT,transitive,node_modules/string.prototype.codepointat,true,false,false,https://registry.npmjs.org/string.prototype.codepointat/-/string.prototype.codepointat-0.2.1.tgz,public_recorded,cutnote/package-lock.json#packages/node_modules/string.prototype.codepointat,License and flags are package-lock declarations; distributed package license texts were not inspected.
npm-lock,string.prototype.includes,2.0.1,MIT,transitive,node_modules/string.prototype.includes,true,false,false,https://registry.npmjs.org/string.prototype.includes/-/string.prototype.includes-2.0.1.tgz,public_recorded,cutnote/package-lock.json#packages/node_modules/string.prototype.includes,License and flags are package-lock declarations; distributed package license texts were not inspected.
npm-lock,string.prototype.matchall,4.0.12,MIT,transitive,node_modules/string.prototype.matchall,true,false,false,https://registry.npmjs.org/string.prototype.matchall/-/string.prototype.matchall-4.0.12.tgz,public_recorded,cutnote/package-lock.json#packages/node_modules/string.prototype.matchall,License and flags are package-lock declarations; distributed package license texts were not inspected.
npm-lock,string.prototype.repeat,1.0.0,MIT,transitive,node_modules/string.prototype.repeat,true,false,false,https://registry.npmjs.org/string.prototype.repeat/-/string.prototype.repeat-1.0.0.tgz,public_recorded,cutnote/package-lock.json#packages/node_modules/string.prototype.repeat,License and flags are package-lock declarations; distributed package license texts were not inspected.
npm-lock,string.prototype.trim,1.2.10,MIT,transitive,node_modules/string.prototype.trim,true,false,false,https://registry.npmjs.org/string.prototype.trim/-/string.prototype.trim-1.2.10.tgz,public_recorded,cutnote/package-lock.json#packages/node_modules/string.prototype.trim,License and flags are package-lock declarations; distributed package license texts were not inspected.
npm-lock,string.prototype.trimend,1.0.9,MIT,transitive,node_modules/string.prototype.trimend,true,false,false,https://registry.npmjs.org/string.prototype.trimend/-/string.prototype.trimend-1.0.9.tgz,public_recorded,cutnote/package-lock.json#packages/node_modules/string.prototype.trimend,License and flags are package-lock declarations; distributed package license texts were not inspected.
npm-lock,string.prototype.trimstart,1.0.8,MIT,transitive,node_modules/string.prototype.trimstart,true,false,false,https://registry.npmjs.org/string.prototype.trimstart/-/string.prototype.trimstart-1.0.8.tgz,public_recorded,cutnote/package-lock.json#packages/node_modules/string.prototype.trimstart,License and flags are package-lock declarations; distributed package license texts were not inspected.
npm-lock,strip-bom,3.0.0,MIT,transitive,node_modules/strip-bom,true,false,false,https://registry.npmjs.org/strip-bom/-/strip-bom-3.0.0.tgz,public_recorded,cutnote/package-lock.json#packages/node_modules/strip-bom,License and flags are package-lock declarations; distributed package license texts were not inspected.
npm-lock,strip-json-comments,3.1.1,MIT,transitive,node_modules/strip-json-comments,true,false,false,https://registry.npmjs.org/strip-json-comments/-/strip-json-comments-3.1.1.tgz,public_recorded,cutnote/package-lock.json#packages/node_modules/strip-json-comments,License and flags are package-lock declarations; distributed package license texts were not inspected.
npm-lock,strip-literal,3.1.0,MIT,transitive,node_modules/strip-literal,true,false,false,https://registry.npmjs.org/strip-literal/-/strip-literal-3.1.0.tgz,public_recorded,cutnote/package-lock.json#packages/node_modules/strip-literal,License and flags are package-lock declarations; distributed package license texts were not inspected.
npm-lock,js-tokens,9.0.1,MIT,transitive,node_modules/strip-literal/node_modules/js-tokens,true,false,false,https://registry.npmjs.org/js-tokens/-/js-tokens-9.0.1.tgz,public_recorded,cutnote/package-lock.json#packages/node_modules/strip-literal/node_modules/js-tokens,License and flags are package-lock declarations; distributed package license texts were not inspected.
npm-lock,styled-jsx,5.1.6,MIT,transitive,node_modules/styled-jsx,false,false,false,https://registry.npmjs.org/styled-jsx/-/styled-jsx-5.1.6.tgz,public_recorded,cutnote/package-lock.json#packages/node_modules/styled-jsx,License and flags are package-lock declarations; distributed package license texts were not inspected.
npm-lock,supports-color,7.2.0,MIT,transitive,node_modules/supports-color,true,false,false,https://registry.npmjs.org/supports-color/-/supports-color-7.2.0.tgz,public_recorded,cutnote/package-lock.json#packages/node_modules/supports-color,License and flags are package-lock declarations; distributed package license texts were not inspected.
npm-lock,supports-preserve-symlinks-flag,1.0.0,MIT,transitive,node_modules/supports-preserve-symlinks-flag,true,false,false,https://registry.npmjs.org/supports-preserve-symlinks-flag/-/supports-preserve-symlinks-flag-1.0.0.tgz,public_recorded,cutnote/package-lock.json#packages/node_modules/supports-preserve-symlinks-flag,License and flags are package-lock declarations; distributed package license texts were not inspected.
npm-lock,tailwind-merge,3.6.0,MIT,direct-runtime,node_modules/tailwind-merge,false,false,false,https://registry.npmjs.org/tailwind-merge/-/tailwind-merge-3.6.0.tgz,public_recorded,cutnote/package-lock.json#packages/node_modules/tailwind-merge,License and flags are package-lock declarations; distributed package license texts were not inspected.
npm-lock,tailwindcss,4.2.1,MIT,direct-dev,node_modules/tailwindcss,true,false,false,https://registry.npmjs.org/tailwindcss/-/tailwindcss-4.2.1.tgz,public_recorded,cutnote/package-lock.json#packages/node_modules/tailwindcss,License and flags are package-lock declarations; distributed package license texts were not inspected.
npm-lock,tapable,2.3.3,MIT,transitive,node_modules/tapable,true,false,false,https://registry.npmjs.org/tapable/-/tapable-2.3.3.tgz,public_recorded,cutnote/package-lock.json#packages/node_modules/tapable,License and flags are package-lock declarations; distributed package license texts were not inspected.
npm-lock,terser,5.47.1,BSD-2-Clause,transitive,node_modules/terser,true,false,false,https://registry.npmjs.org/terser/-/terser-5.47.1.tgz,public_recorded,cutnote/package-lock.json#packages/node_modules/terser,License and flags are package-lock declarations; distributed package license texts were not inspected.
npm-lock,terser-webpack-plugin,5.6.0,MIT,transitive,node_modules/terser-webpack-plugin,true,false,false,https://registry.npmjs.org/terser-webpack-plugin/-/terser-webpack-plugin-5.6.0.tgz,public_recorded,cutnote/package-lock.json#packages/node_modules/terser-webpack-plugin,License and flags are package-lock declarations; distributed package license texts were not inspected.
npm-lock,tiny-inflate,1.0.3,MIT,transitive,node_modules/tiny-inflate,true,false,false,https://registry.npmjs.org/tiny-inflate/-/tiny-inflate-1.0.3.tgz,public_recorded,cutnote/package-lock.json#packages/node_modules/tiny-inflate,License and flags are package-lock declarations; distributed package license texts were not inspected.
npm-lock,tiny-invariant,1.3.3,MIT,transitive,node_modules/tiny-invariant,false,false,false,https://registry.npmjs.org/tiny-invariant/-/tiny-invariant-1.3.3.tgz,public_recorded,cutnote/package-lock.json#packages/node_modules/tiny-invariant,License and flags are package-lock declarations; distributed package license texts were not inspected.
npm-lock,tinyglobby,0.2.16,MIT,transitive,node_modules/tinyglobby,true,false,false,https://registry.npmjs.org/tinyglobby/-/tinyglobby-0.2.16.tgz,public_recorded,cutnote/package-lock.json#packages/node_modules/tinyglobby,License and flags are package-lock declarations; distributed package license texts were not inspected.
npm-lock,fdir,6.5.0,MIT,transitive,node_modules/tinyglobby/node_modules/fdir,true,false,false,https://registry.npmjs.org/fdir/-/fdir-6.5.0.tgz,public_recorded,cutnote/package-lock.json#packages/node_modules/tinyglobby/node_modules/fdir,License and flags are package-lock declarations; distributed package license texts were not inspected.
npm-lock,picomatch,4.0.4,MIT,transitive,node_modules/tinyglobby/node_modules/picomatch,true,false,false,https://registry.npmjs.org/picomatch/-/picomatch-4.0.4.tgz,public_recorded,cutnote/package-lock.json#packages/node_modules/tinyglobby/node_modules/picomatch,License and flags are package-lock declarations; distributed package license texts were not inspected.
npm-lock,to-regex-range,5.0.1,MIT,transitive,node_modules/to-regex-range,true,false,false,https://registry.npmjs.org/to-regex-range/-/to-regex-range-5.0.1.tgz,public_recorded,cutnote/package-lock.json#packages/node_modules/to-regex-range,License and flags are package-lock declarations; distributed package license texts were not inspected.
npm-lock,toidentifier,1.0.1,MIT,transitive,node_modules/toidentifier,true,false,false,https://registry.npmjs.org/toidentifier/-/toidentifier-1.0.1.tgz,public_recorded,cutnote/package-lock.json#packages/node_modules/toidentifier,License and flags are package-lock declarations; distributed package license texts were not inspected.
npm-lock,ts-api-utils,2.5.0,MIT,transitive,node_modules/ts-api-utils,true,false,false,https://registry.npmjs.org/ts-api-utils/-/ts-api-utils-2.5.0.tgz,public_recorded,cutnote/package-lock.json#packages/node_modules/ts-api-utils,License and flags are package-lock declarations; distributed package license texts were not inspected.
npm-lock,tsconfig-paths,3.15.0,MIT,transitive,node_modules/tsconfig-paths,true,false,false,https://registry.npmjs.org/tsconfig-paths/-/tsconfig-paths-3.15.0.tgz,public_recorded,cutnote/package-lock.json#packages/node_modules/tsconfig-paths,License and flags are package-lock declarations; distributed package license texts were not inspected.
npm-lock,json5,1.0.2,MIT,transitive,node_modules/tsconfig-paths/node_modules/json5,true,false,false,https://registry.npmjs.org/json5/-/json5-1.0.2.tgz,public_recorded,cutnote/package-lock.json#packages/node_modules/tsconfig-paths/node_modules/json5,License and flags are package-lock declarations; distributed package license texts were not inspected.
npm-lock,tslib,2.8.1,0BSD,transitive,node_modules/tslib,false,false,false,https://registry.npmjs.org/tslib/-/tslib-2.8.1.tgz,public_recorded,cutnote/package-lock.json#packages/node_modules/tslib,License and flags are package-lock declarations; distributed package license texts were not inspected.
npm-lock,tsx,4.22.1,MIT,transitive,node_modules/tsx,true,false,false,https://registry.npmjs.org/tsx/-/tsx-4.22.1.tgz,public_recorded,cutnote/package-lock.json#packages/node_modules/tsx,License and flags are package-lock declarations; distributed package license texts were not inspected.
npm-lock,turbo-stream,3.2.0,MIT,transitive,node_modules/turbo-stream,true,false,false,https://registry.npmjs.org/turbo-stream/-/turbo-stream-3.2.0.tgz,public_recorded,cutnote/package-lock.json#packages/node_modules/turbo-stream,License and flags are package-lock declarations; distributed package license texts were not inspected.
npm-lock,tw-animate-css,1.4.0,MIT,direct-dev,node_modules/tw-animate-css,true,false,false,https://registry.npmjs.org/tw-animate-css/-/tw-animate-css-1.4.0.tgz,public_recorded,cutnote/package-lock.json#packages/node_modules/tw-animate-css,License and flags are package-lock declarations; distributed package license texts were not inspected.
npm-lock,type-check,0.4.0,MIT,transitive,node_modules/type-check,true,false,false,https://registry.npmjs.org/type-check/-/type-check-0.4.0.tgz,public_recorded,cutnote/package-lock.json#packages/node_modules/type-check,License and flags are package-lock declarations; distributed package license texts were not inspected.
npm-lock,typed-array-buffer,1.0.3,MIT,transitive,node_modules/typed-array-buffer,true,false,false,https://registry.npmjs.org/typed-array-buffer/-/typed-array-buffer-1.0.3.tgz,public_recorded,cutnote/package-lock.json#packages/node_modules/typed-array-buffer,License and flags are package-lock declarations; distributed package license texts were not inspected.
npm-lock,typed-array-byte-length,1.0.3,MIT,transitive,node_modules/typed-array-byte-length,true,false,false,https://registry.npmjs.org/typed-array-byte-length/-/typed-array-byte-length-1.0.3.tgz,public_recorded,cutnote/package-lock.json#packages/node_modules/typed-array-byte-length,License and flags are package-lock declarations; distributed package license texts were not inspected.
npm-lock,typed-array-byte-offset,1.0.4,MIT,transitive,node_modules/typed-array-byte-offset,true,false,false,https://registry.npmjs.org/typed-array-byte-offset/-/typed-array-byte-offset-1.0.4.tgz,public_recorded,cutnote/package-lock.json#packages/node_modules/typed-array-byte-offset,License and flags are package-lock declarations; distributed package license texts were not inspected.
npm-lock,typed-array-length,1.0.7,MIT,transitive,node_modules/typed-array-length,true,false,false,https://registry.npmjs.org/typed-array-length/-/typed-array-length-1.0.7.tgz,public_recorded,cutnote/package-lock.json#packages/node_modules/typed-array-length,License and flags are package-lock declarations; distributed package license texts were not inspected.
npm-lock,typescript,5.9.3,Apache-2.0,direct-dev,node_modules/typescript,true,false,false,https://registry.npmjs.org/typescript/-/typescript-5.9.3.tgz,public_recorded,cutnote/package-lock.json#packages/node_modules/typescript,License and flags are package-lock declarations; distributed package license texts were not inspected.
npm-lock,typescript-eslint,8.59.3,MIT,transitive,node_modules/typescript-eslint,true,false,false,https://registry.npmjs.org/typescript-eslint/-/typescript-eslint-8.59.3.tgz,public_recorded,cutnote/package-lock.json#packages/node_modules/typescript-eslint,License and flags are package-lock declarations; distributed package license texts were not inspected.
npm-lock,unbox-primitive,1.1.0,MIT,transitive,node_modules/unbox-primitive,true,false,false,https://registry.npmjs.org/unbox-primitive/-/unbox-primitive-1.1.0.tgz,public_recorded,cutnote/package-lock.json#packages/node_modules/unbox-primitive,License and flags are package-lock declarations; distributed package license texts were not inspected.
npm-lock,undici,7.24.8,MIT,transitive,node_modules/undici,true,false,false,https://registry.npmjs.org/undici/-/undici-7.24.8.tgz,public_recorded,cutnote/package-lock.json#packages/node_modules/undici,License and flags are package-lock declarations; distributed package license texts were not inspected.
npm-lock,undici-types,6.21.0,MIT,transitive,node_modules/undici-types,true,false,false,https://registry.npmjs.org/undici-types/-/undici-types-6.21.0.tgz,public_recorded,cutnote/package-lock.json#packages/node_modules/undici-types,License and flags are package-lock declarations; distributed package license texts were not inspected.
npm-lock,unenv,2.0.0-rc.24,MIT,transitive,node_modules/unenv,true,false,false,https://registry.npmjs.org/unenv/-/unenv-2.0.0-rc.24.tgz,public_recorded,cutnote/package-lock.json#packages/node_modules/unenv,License and flags are package-lock declarations; distributed package license texts were not inspected.
npm-lock,unicode-trie,2.0.0,MIT,transitive,node_modules/unicode-trie,true,false,false,https://registry.npmjs.org/unicode-trie/-/unicode-trie-2.0.0.tgz,public_recorded,cutnote/package-lock.json#packages/node_modules/unicode-trie,License and flags are package-lock declarations; distributed package license texts were not inspected.
npm-lock,unpic,4.2.2,MIT,transitive,node_modules/unpic,true,false,false,https://registry.npmjs.org/unpic/-/unpic-4.2.2.tgz,public_recorded,cutnote/package-lock.json#packages/node_modules/unpic,License and flags are package-lock declarations; distributed package license texts were not inspected.
npm-lock,unpipe,1.0.0,MIT,transitive,node_modules/unpipe,true,false,false,https://registry.npmjs.org/unpipe/-/unpipe-1.0.0.tgz,public_recorded,cutnote/package-lock.json#packages/node_modules/unpipe,License and flags are package-lock declarations; distributed package license texts were not inspected.
npm-lock,unrs-resolver,1.11.1,MIT,transitive,node_modules/unrs-resolver,true,false,false,https://registry.npmjs.org/unrs-resolver/-/unrs-resolver-1.11.1.tgz,public_recorded,cutnote/package-lock.json#packages/node_modules/unrs-resolver,License and flags are package-lock declarations; distributed package license texts were not inspected.
npm-lock,update-browserslist-db,1.2.3,MIT,transitive,node_modules/update-browserslist-db,true,false,false,https://registry.npmjs.org/update-browserslist-db/-/update-browserslist-db-1.2.3.tgz,public_recorded,cutnote/package-lock.json#packages/node_modules/update-browserslist-db,License and flags are package-lock declarations; distributed package license texts were not inspected.
npm-lock,uri-js,4.4.1,BSD-2-Clause,transitive,node_modules/uri-js,true,false,false,https://registry.npmjs.org/uri-js/-/uri-js-4.4.1.tgz,public_recorded,cutnote/package-lock.json#packages/node_modules/uri-js,License and flags are package-lock declarations; distributed package license texts were not inspected.
npm-lock,use-callback-ref,1.3.3,MIT,transitive,node_modules/use-callback-ref,false,false,false,https://registry.npmjs.org/use-callback-ref/-/use-callback-ref-1.3.3.tgz,public_recorded,cutnote/package-lock.json#packages/node_modules/use-callback-ref,License and flags are package-lock declarations; distributed package license texts were not inspected.
npm-lock,use-sidecar,1.1.3,MIT,transitive,node_modules/use-sidecar,false,false,false,https://registry.npmjs.org/use-sidecar/-/use-sidecar-1.1.3.tgz,public_recorded,cutnote/package-lock.json#packages/node_modules/use-sidecar,License and flags are package-lock declarations; distributed package license texts were not inspected.
npm-lock,use-sync-external-store,1.6.0,MIT,transitive,node_modules/use-sync-external-store,false,false,false,https://registry.npmjs.org/use-sync-external-store/-/use-sync-external-store-1.6.0.tgz,public_recorded,cutnote/package-lock.json#packages/node_modules/use-sync-external-store,License and flags are package-lock declarations; distributed package license texts were not inspected.
npm-lock,vaul,1.1.2,MIT,direct-runtime,node_modules/vaul,false,false,false,https://registry.npmjs.org/vaul/-/vaul-1.1.2.tgz,public_recorded,cutnote/package-lock.json#packages/node_modules/vaul,License and flags are package-lock declarations; distributed package license texts were not inspected.
npm-lock,victory-vendor,37.3.6,MIT AND ISC,transitive,node_modules/victory-vendor,false,false,false,https://registry.npmjs.org/victory-vendor/-/victory-vendor-37.3.6.tgz,public_recorded,cutnote/package-lock.json#packages/node_modules/victory-vendor,License and flags are package-lock declarations; distributed package license texts were not inspected.
npm-lock,vinext,1.0.0-beta.5,MIT,direct-dev,node_modules/vinext,true,false,false,https://registry.npmjs.org/vinext/-/vinext-1.0.0-beta.5.tgz,public_recorded,cutnote/package-lock.json#packages/node_modules/vinext,License and flags are package-lock declarations; distributed package license texts were not inspected.
npm-lock,vite,8.0.13,MIT,direct-dev,node_modules/vite,true,false,false,https://registry.npmjs.org/vite/-/vite-8.0.13.tgz,public_recorded,cutnote/package-lock.json#packages/node_modules/vite,License and flags are package-lock declarations; distributed package license texts were not inspected.
npm-lock,vite-plugin-commonjs,0.10.4,MIT,transitive,node_modules/vite-plugin-commonjs,true,false,false,https://registry.npmjs.org/vite-plugin-commonjs/-/vite-plugin-commonjs-0.10.4.tgz,public_recorded,cutnote/package-lock.json#packages/node_modules/vite-plugin-commonjs,License and flags are package-lock declarations; distributed package license texts were not inspected.
npm-lock,vite-plugin-dynamic-import,1.6.0,MIT,transitive,node_modules/vite-plugin-dynamic-import,true,false,false,https://registry.npmjs.org/vite-plugin-dynamic-import/-/vite-plugin-dynamic-import-1.6.0.tgz,public_recorded,cutnote/package-lock.json#packages/node_modules/vite-plugin-dynamic-import,License and flags are package-lock declarations; distributed package license texts were not inspected.
npm-lock,es-module-lexer,1.7.0,MIT,transitive,node_modules/vite-plugin-dynamic-import/node_modules/es-module-lexer,true,false,false,https://registry.npmjs.org/es-module-lexer/-/es-module-lexer-1.7.0.tgz,public_recorded,cutnote/package-lock.json#packages/node_modules/vite-plugin-dynamic-import/node_modules/es-module-lexer,License and flags are package-lock declarations; distributed package license texts were not inspected.
npm-lock,fast-glob,3.3.3,MIT,transitive,node_modules/vite-plugin-dynamic-import/node_modules/fast-glob,true,false,false,https://registry.npmjs.org/fast-glob/-/fast-glob-3.3.3.tgz,public_recorded,cutnote/package-lock.json#packages/node_modules/vite-plugin-dynamic-import/node_modules/fast-glob,License and flags are package-lock declarations; distributed package license texts were not inspected.
npm-lock,glob-parent,5.1.2,ISC,transitive,node_modules/vite-plugin-dynamic-import/node_modules/glob-parent,true,false,false,https://registry.npmjs.org/glob-parent/-/glob-parent-5.1.2.tgz,public_recorded,cutnote/package-lock.json#packages/node_modules/vite-plugin-dynamic-import/node_modules/glob-parent,License and flags are package-lock declarations; distributed package license texts were not inspected.
npm-lock,lightningcss,1.32.0,MPL-2.0,transitive,node_modules/vite/node_modules/lightningcss,true,false,false,https://registry.npmjs.org/lightningcss/-/lightningcss-1.32.0.tgz,public_recorded,cutnote/package-lock.json#packages/node_modules/vite/node_modules/lightningcss,License and flags are package-lock declarations; distributed package license texts were not inspected.
npm-lock,lightningcss-android-arm64,1.32.0,MPL-2.0,transitive,node_modules/vite/node_modules/lightningcss-android-arm64,true,true,false,https://registry.npmjs.org/lightningcss-android-arm64/-/lightningcss-android-arm64-1.32.0.tgz,public_recorded,cutnote/package-lock.json#packages/node_modules/vite/node_modules/lightningcss-android-arm64,License and flags are package-lock declarations; distributed package license texts were not inspected.
npm-lock,lightningcss-darwin-arm64,1.32.0,MPL-2.0,transitive,node_modules/vite/node_modules/lightningcss-darwin-arm64,true,true,false,https://registry.npmjs.org/lightningcss-darwin-arm64/-/lightningcss-darwin-arm64-1.32.0.tgz,public_recorded,cutnote/package-lock.json#packages/node_modules/vite/node_modules/lightningcss-darwin-arm64,License and flags are package-lock declarations; distributed package license texts were not inspected.
npm-lock,lightningcss-darwin-x64,1.32.0,MPL-2.0,transitive,node_modules/vite/node_modules/lightningcss-darwin-x64,true,true,false,https://registry.npmjs.org/lightningcss-darwin-x64/-/lightningcss-darwin-x64-1.32.0.tgz,public_recorded,cutnote/package-lock.json#packages/node_modules/vite/node_modules/lightningcss-darwin-x64,License and flags are package-lock declarations; distributed package license texts were not inspected.
npm-lock,lightningcss-freebsd-x64,1.32.0,MPL-2.0,transitive,node_modules/vite/node_modules/lightningcss-freebsd-x64,true,true,false,https://registry.npmjs.org/lightningcss-freebsd-x64/-/lightningcss-freebsd-x64-1.32.0.tgz,public_recorded,cutnote/package-lock.json#packages/node_modules/vite/node_modules/lightningcss-freebsd-x64,License and flags are package-lock declarations; distributed package license texts were not inspected.
npm-lock,lightningcss-linux-arm-gnueabihf,1.32.0,MPL-2.0,transitive,node_modules/vite/node_modules/lightningcss-linux-arm-gnueabihf,true,true,false,https://registry.npmjs.org/lightningcss-linux-arm-gnueabihf/-/lightningcss-linux-arm-gnueabihf-1.32.0.tgz,public_recorded,cutnote/package-lock.json#packages/node_modules/vite/node_modules/lightningcss-linux-arm-gnueabihf,License and flags are package-lock declarations; distributed package license texts were not inspected.
npm-lock,lightningcss-linux-arm64-gnu,1.32.0,MPL-2.0,transitive,node_modules/vite/node_modules/lightningcss-linux-arm64-gnu,true,true,false,https://registry.npmjs.org/lightningcss-linux-arm64-gnu/-/lightningcss-linux-arm64-gnu-1.32.0.tgz,public_recorded,cutnote/package-lock.json#packages/node_modules/vite/node_modules/lightningcss-linux-arm64-gnu,License and flags are package-lock declarations; distributed package license texts were not inspected.
npm-lock,lightningcss-linux-arm64-musl,1.32.0,MPL-2.0,transitive,node_modules/vite/node_modules/lightningcss-linux-arm64-musl,true,true,false,https://registry.npmjs.org/lightningcss-linux-arm64-musl/-/lightningcss-linux-arm64-musl-1.32.0.tgz,public_recorded,cutnote/package-lock.json#packages/node_modules/vite/node_modules/lightningcss-linux-arm64-musl,License and flags are package-lock declarations; distributed package license texts were not inspected.
npm-lock,lightningcss-linux-x64-gnu,1.32.0,MPL-2.0,transitive,node_modules/vite/node_modules/lightningcss-linux-x64-gnu,true,true,false,https://registry.npmjs.org/lightningcss-linux-x64-gnu/-/lightningcss-linux-x64-gnu-1.32.0.tgz,public_recorded,cutnote/package-lock.json#packages/node_modules/vite/node_modules/lightningcss-linux-x64-gnu,License and flags are package-lock declarations; distributed package license texts were not inspected.
npm-lock,lightningcss-linux-x64-musl,1.32.0,MPL-2.0,transitive,node_modules/vite/node_modules/lightningcss-linux-x64-musl,true,true,false,https://registry.npmjs.org/lightningcss-linux-x64-musl/-/lightningcss-linux-x64-musl-1.32.0.tgz,public_recorded,cutnote/package-lock.json#packages/node_modules/vite/node_modules/lightningcss-linux-x64-musl,License and flags are package-lock declarations; distributed package license texts were not inspected.
npm-lock,lightningcss-win32-arm64-msvc,1.32.0,MPL-2.0,transitive,node_modules/vite/node_modules/lightningcss-win32-arm64-msvc,true,true,false,https://registry.npmjs.org/lightningcss-win32-arm64-msvc/-/lightningcss-win32-arm64-msvc-1.32.0.tgz,public_recorded,cutnote/package-lock.json#packages/node_modules/vite/node_modules/lightningcss-win32-arm64-msvc,License and flags are package-lock declarations; distributed package license texts were not inspected.
npm-lock,lightningcss-win32-x64-msvc,1.32.0,MPL-2.0,transitive,node_modules/vite/node_modules/lightningcss-win32-x64-msvc,true,true,false,https://registry.npmjs.org/lightningcss-win32-x64-msvc/-/lightningcss-win32-x64-msvc-1.32.0.tgz,public_recorded,cutnote/package-lock.json#packages/node_modules/vite/node_modules/lightningcss-win32-x64-msvc,License and flags are package-lock declarations; distributed package license texts were not inspected.
npm-lock,picomatch,4.0.4,MIT,transitive,node_modules/vite/node_modules/picomatch,true,false,false,https://registry.npmjs.org/picomatch/-/picomatch-4.0.4.tgz,public_recorded,cutnote/package-lock.json#packages/node_modules/vite/node_modules/picomatch,License and flags are package-lock declarations; distributed package license texts were not inspected.
npm-lock,vitefu,1.1.3,MIT,transitive,node_modules/vitefu,true,false,false,https://registry.npmjs.org/vitefu/-/vitefu-1.1.3.tgz,public_recorded,cutnote/package-lock.json#packages/node_modules/vitefu,License and flags are package-lock declarations; distributed package license texts were not inspected.
npm-lock,watchpack,2.5.1,MIT,transitive,node_modules/watchpack,true,false,false,https://registry.npmjs.org/watchpack/-/watchpack-2.5.1.tgz,public_recorded,cutnote/package-lock.json#packages/node_modules/watchpack,License and flags are package-lock declarations; distributed package license texts were not inspected.
npm-lock,web-vitals,4.2.4,Apache-2.0,transitive,node_modules/web-vitals,true,false,false,https://registry.npmjs.org/web-vitals/-/web-vitals-4.2.4.tgz,public_recorded,cutnote/package-lock.json#packages/node_modules/web-vitals,License and flags are package-lock declarations; distributed package license texts were not inspected.
npm-lock,webpack,5.106.2,MIT,transitive,node_modules/webpack,true,false,false,https://registry.npmjs.org/webpack/-/webpack-5.106.2.tgz,public_recorded,cutnote/package-lock.json#packages/node_modules/webpack,License and flags are package-lock declarations; distributed package license texts were not inspected.
npm-lock,webpack-sources,3.4.1,MIT,transitive,node_modules/webpack-sources,true,false,false,https://registry.npmjs.org/webpack-sources/-/webpack-sources-3.4.1.tgz,public_recorded,cutnote/package-lock.json#packages/node_modules/webpack-sources,License and flags are package-lock declarations; distributed package license texts were not inspected.
npm-lock,eslint-scope,5.1.1,BSD-2-Clause,transitive,node_modules/webpack/node_modules/eslint-scope,true,false,false,https://registry.npmjs.org/eslint-scope/-/eslint-scope-5.1.1.tgz,public_recorded,cutnote/package-lock.json#packages/node_modules/webpack/node_modules/eslint-scope,License and flags are package-lock declarations; distributed package license texts were not inspected.
npm-lock,estraverse,4.3.0,BSD-2-Clause,transitive,node_modules/webpack/node_modules/estraverse,true,false,false,https://registry.npmjs.org/estraverse/-/estraverse-4.3.0.tgz,public_recorded,cutnote/package-lock.json#packages/node_modules/webpack/node_modules/estraverse,License and flags are package-lock declarations; distributed package license texts were not inspected.
npm-lock,which,2.0.2,ISC,transitive,node_modules/which,true,false,false,https://registry.npmjs.org/which/-/which-2.0.2.tgz,public_recorded,cutnote/package-lock.json#packages/node_modules/which,License and flags are package-lock declarations; distributed package license texts were not inspected.
npm-lock,which-boxed-primitive,1.1.1,MIT,transitive,node_modules/which-boxed-primitive,true,false,false,https://registry.npmjs.org/which-boxed-primitive/-/which-boxed-primitive-1.1.1.tgz,public_recorded,cutnote/package-lock.json#packages/node_modules/which-boxed-primitive,License and flags are package-lock declarations; distributed package license texts were not inspected.
npm-lock,which-builtin-type,1.2.1,MIT,transitive,node_modules/which-builtin-type,true,false,false,https://registry.npmjs.org/which-builtin-type/-/which-builtin-type-1.2.1.tgz,public_recorded,cutnote/package-lock.json#packages/node_modules/which-builtin-type,License and flags are package-lock declarations; distributed package license texts were not inspected.
npm-lock,which-collection,1.0.2,MIT,transitive,node_modules/which-collection,true,false,false,https://registry.npmjs.org/which-collection/-/which-collection-1.0.2.tgz,public_recorded,cutnote/package-lock.json#packages/node_modules/which-collection,License and flags are package-lock declarations; distributed package license texts were not inspected.
npm-lock,which-typed-array,1.1.20,MIT,transitive,node_modules/which-typed-array,true,false,false,https://registry.npmjs.org/which-typed-array/-/which-typed-array-1.1.20.tgz,public_recorded,cutnote/package-lock.json#packages/node_modules/which-typed-array,License and flags are package-lock declarations; distributed package license texts were not inspected.
npm-lock,word-wrap,1.2.5,MIT,transitive,node_modules/word-wrap,true,false,false,https://registry.npmjs.org/word-wrap/-/word-wrap-1.2.5.tgz,public_recorded,cutnote/package-lock.json#packages/node_modules/word-wrap,License and flags are package-lock declarations; distributed package license texts were not inspected.
npm-lock,workerd,1.20260515.1,Apache-2.0,transitive,node_modules/workerd,true,false,false,https://registry.npmjs.org/workerd/-/workerd-1.20260515.1.tgz,public_recorded,cutnote/package-lock.json#packages/node_modules/workerd,License and flags are package-lock declarations; distributed package license texts were not inspected.
npm-lock,wrangler,4.92.0,MIT OR Apache-2.0,direct-dev,node_modules/wrangler,true,false,false,https://registry.npmjs.org/wrangler/-/wrangler-4.92.0.tgz,public_recorded,cutnote/package-lock.json#packages/node_modules/wrangler,License and flags are package-lock declarations; distributed package license texts were not inspected.
npm-lock,@esbuild/aix-ppc64,0.27.3,MIT,transitive,node_modules/wrangler/node_modules/@esbuild/aix-ppc64,true,true,false,https://registry.npmjs.org/@esbuild/aix-ppc64/-/aix-ppc64-0.27.3.tgz,public_recorded,cutnote/package-lock.json#packages/node_modules/wrangler/node_modules/@esbuild/aix-ppc64,License and flags are package-lock declarations; distributed package license texts were not inspected.
npm-lock,@esbuild/android-arm,0.27.3,MIT,transitive,node_modules/wrangler/node_modules/@esbuild/android-arm,true,true,false,https://registry.npmjs.org/@esbuild/android-arm/-/android-arm-0.27.3.tgz,public_recorded,cutnote/package-lock.json#packages/node_modules/wrangler/node_modules/@esbuild/android-arm,License and flags are package-lock declarations; distributed package license texts were not inspected.
npm-lock,@esbuild/android-arm64,0.27.3,MIT,transitive,node_modules/wrangler/node_modules/@esbuild/android-arm64,true,true,false,https://registry.npmjs.org/@esbuild/android-arm64/-/android-arm64-0.27.3.tgz,public_recorded,cutnote/package-lock.json#packages/node_modules/wrangler/node_modules/@esbuild/android-arm64,License and flags are package-lock declarations; distributed package license texts were not inspected.
npm-lock,@esbuild/android-x64,0.27.3,MIT,transitive,node_modules/wrangler/node_modules/@esbuild/android-x64,true,true,false,https://registry.npmjs.org/@esbuild/android-x64/-/android-x64-0.27.3.tgz,public_recorded,cutnote/package-lock.json#packages/node_modules/wrangler/node_modules/@esbuild/android-x64,License and flags are package-lock declarations; distributed package license texts were not inspected.
npm-lock,@esbuild/darwin-arm64,0.27.3,MIT,transitive,node_modules/wrangler/node_modules/@esbuild/darwin-arm64,true,true,false,https://registry.npmjs.org/@esbuild/darwin-arm64/-/darwin-arm64-0.27.3.tgz,public_recorded,cutnote/package-lock.json#packages/node_modules/wrangler/node_modules/@esbuild/darwin-arm64,License and flags are package-lock declarations; distributed package license texts were not inspected.
npm-lock,@esbuild/darwin-x64,0.27.3,MIT,transitive,node_modules/wrangler/node_modules/@esbuild/darwin-x64,true,true,false,https://registry.npmjs.org/@esbuild/darwin-x64/-/darwin-x64-0.27.3.tgz,public_recorded,cutnote/package-lock.json#packages/node_modules/wrangler/node_modules/@esbuild/darwin-x64,License and flags are package-lock declarations; distributed package license texts were not inspected.
npm-lock,@esbuild/freebsd-arm64,0.27.3,MIT,transitive,node_modules/wrangler/node_modules/@esbuild/freebsd-arm64,true,true,false,https://registry.npmjs.org/@esbuild/freebsd-arm64/-/freebsd-arm64-0.27.3.tgz,public_recorded,cutnote/package-lock.json#packages/node_modules/wrangler/node_modules/@esbuild/freebsd-arm64,License and flags are package-lock declarations; distributed package license texts were not inspected.
npm-lock,@esbuild/freebsd-x64,0.27.3,MIT,transitive,node_modules/wrangler/node_modules/@esbuild/freebsd-x64,true,true,false,https://registry.npmjs.org/@esbuild/freebsd-x64/-/freebsd-x64-0.27.3.tgz,public_recorded,cutnote/package-lock.json#packages/node_modules/wrangler/node_modules/@esbuild/freebsd-x64,License and flags are package-lock declarations; distributed package license texts were not inspected.
npm-lock,@esbuild/linux-arm,0.27.3,MIT,transitive,node_modules/wrangler/node_modules/@esbuild/linux-arm,true,true,false,https://registry.npmjs.org/@esbuild/linux-arm/-/linux-arm-0.27.3.tgz,public_recorded,cutnote/package-lock.json#packages/node_modules/wrangler/node_modules/@esbuild/linux-arm,License and flags are package-lock declarations; distributed package license texts were not inspected.
npm-lock,@esbuild/linux-arm64,0.27.3,MIT,transitive,node_modules/wrangler/node_modules/@esbuild/linux-arm64,true,true,false,https://registry.npmjs.org/@esbuild/linux-arm64/-/linux-arm64-0.27.3.tgz,public_recorded,cutnote/package-lock.json#packages/node_modules/wrangler/node_modules/@esbuild/linux-arm64,License and flags are package-lock declarations; distributed package license texts were not inspected.
npm-lock,@esbuild/linux-ia32,0.27.3,MIT,transitive,node_modules/wrangler/node_modules/@esbuild/linux-ia32,true,true,false,https://registry.npmjs.org/@esbuild/linux-ia32/-/linux-ia32-0.27.3.tgz,public_recorded,cutnote/package-lock.json#packages/node_modules/wrangler/node_modules/@esbuild/linux-ia32,License and flags are package-lock declarations; distributed package license texts were not inspected.
npm-lock,@esbuild/linux-loong64,0.27.3,MIT,transitive,node_modules/wrangler/node_modules/@esbuild/linux-loong64,true,true,false,https://registry.npmjs.org/@esbuild/linux-loong64/-/linux-loong64-0.27.3.tgz,public_recorded,cutnote/package-lock.json#packages/node_modules/wrangler/node_modules/@esbuild/linux-loong64,License and flags are package-lock declarations; distributed package license texts were not inspected.
npm-lock,@esbuild/linux-mips64el,0.27.3,MIT,transitive,node_modules/wrangler/node_modules/@esbuild/linux-mips64el,true,true,false,https://registry.npmjs.org/@esbuild/linux-mips64el/-/linux-mips64el-0.27.3.tgz,public_recorded,cutnote/package-lock.json#packages/node_modules/wrangler/node_modules/@esbuild/linux-mips64el,License and flags are package-lock declarations; distributed package license texts were not inspected.
npm-lock,@esbuild/linux-ppc64,0.27.3,MIT,transitive,node_modules/wrangler/node_modules/@esbuild/linux-ppc64,true,true,false,https://registry.npmjs.org/@esbuild/linux-ppc64/-/linux-ppc64-0.27.3.tgz,public_recorded,cutnote/package-lock.json#packages/node_modules/wrangler/node_modules/@esbuild/linux-ppc64,License and flags are package-lock declarations; distributed package license texts were not inspected.
npm-lock,@esbuild/linux-riscv64,0.27.3,MIT,transitive,node_modules/wrangler/node_modules/@esbuild/linux-riscv64,true,true,false,https://registry.npmjs.org/@esbuild/linux-riscv64/-/linux-riscv64-0.27.3.tgz,public_recorded,cutnote/package-lock.json#packages/node_modules/wrangler/node_modules/@esbuild/linux-riscv64,License and flags are package-lock declarations; distributed package license texts were not inspected.
npm-lock,@esbuild/linux-s390x,0.27.3,MIT,transitive,node_modules/wrangler/node_modules/@esbuild/linux-s390x,true,true,false,https://registry.npmjs.org/@esbuild/linux-s390x/-/linux-s390x-0.27.3.tgz,public_recorded,cutnote/package-lock.json#packages/node_modules/wrangler/node_modules/@esbuild/linux-s390x,License and flags are package-lock declarations; distributed package license texts were not inspected.
npm-lock,@esbuild/linux-x64,0.27.3,MIT,transitive,node_modules/wrangler/node_modules/@esbuild/linux-x64,true,true,false,https://registry.npmjs.org/@esbuild/linux-x64/-/linux-x64-0.27.3.tgz,public_recorded,cutnote/package-lock.json#packages/node_modules/wrangler/node_modules/@esbuild/linux-x64,License and flags are package-lock declarations; distributed package license texts were not inspected.
npm-lock,@esbuild/netbsd-arm64,0.27.3,MIT,transitive,node_modules/wrangler/node_modules/@esbuild/netbsd-arm64,true,true,false,https://registry.npmjs.org/@esbuild/netbsd-arm64/-/netbsd-arm64-0.27.3.tgz,public_recorded,cutnote/package-lock.json#packages/node_modules/wrangler/node_modules/@esbuild/netbsd-arm64,License and flags are package-lock declarations; distributed package license texts were not inspected.
npm-lock,@esbuild/netbsd-x64,0.27.3,MIT,transitive,node_modules/wrangler/node_modules/@esbuild/netbsd-x64,true,true,false,https://registry.npmjs.org/@esbuild/netbsd-x64/-/netbsd-x64-0.27.3.tgz,public_recorded,cutnote/package-lock.json#packages/node_modules/wrangler/node_modules/@esbuild/netbsd-x64,License and flags are package-lock declarations; distributed package license texts were not inspected.
npm-lock,@esbuild/openbsd-arm64,0.27.3,MIT,transitive,node_modules/wrangler/node_modules/@esbuild/openbsd-arm64,true,true,false,https://registry.npmjs.org/@esbuild/openbsd-arm64/-/openbsd-arm64-0.27.3.tgz,public_recorded,cutnote/package-lock.json#packages/node_modules/wrangler/node_modules/@esbuild/openbsd-arm64,License and flags are package-lock declarations; distributed package license texts were not inspected.
npm-lock,@esbuild/openbsd-x64,0.27.3,MIT,transitive,node_modules/wrangler/node_modules/@esbuild/openbsd-x64,true,true,false,https://registry.npmjs.org/@esbuild/openbsd-x64/-/openbsd-x64-0.27.3.tgz,public_recorded,cutnote/package-lock.json#packages/node_modules/wrangler/node_modules/@esbuild/openbsd-x64,License and flags are package-lock declarations; distributed package license texts were not inspected.
npm-lock,@esbuild/openharmony-arm64,0.27.3,MIT,transitive,node_modules/wrangler/node_modules/@esbuild/openharmony-arm64,true,true,false,https://registry.npmjs.org/@esbuild/openharmony-arm64/-/openharmony-arm64-0.27.3.tgz,public_recorded,cutnote/package-lock.json#packages/node_modules/wrangler/node_modules/@esbuild/openharmony-arm64,License and flags are package-lock declarations; distributed package license texts were not inspected.
npm-lock,@esbuild/sunos-x64,0.27.3,MIT,transitive,node_modules/wrangler/node_modules/@esbuild/sunos-x64,true,true,false,https://registry.npmjs.org/@esbuild/sunos-x64/-/sunos-x64-0.27.3.tgz,public_recorded,cutnote/package-lock.json#packages/node_modules/wrangler/node_modules/@esbuild/sunos-x64,License and flags are package-lock declarations; distributed package license texts were not inspected.
npm-lock,@esbuild/win32-arm64,0.27.3,MIT,transitive,node_modules/wrangler/node_modules/@esbuild/win32-arm64,true,true,false,https://registry.npmjs.org/@esbuild/win32-arm64/-/win32-arm64-0.27.3.tgz,public_recorded,cutnote/package-lock.json#packages/node_modules/wrangler/node_modules/@esbuild/win32-arm64,License and flags are package-lock declarations; distributed package license texts were not inspected.
npm-lock,@esbuild/win32-ia32,0.27.3,MIT,transitive,node_modules/wrangler/node_modules/@esbuild/win32-ia32,true,true,false,https://registry.npmjs.org/@esbuild/win32-ia32/-/win32-ia32-0.27.3.tgz,public_recorded,cutnote/package-lock.json#packages/node_modules/wrangler/node_modules/@esbuild/win32-ia32,License and flags are package-lock declarations; distributed package license texts were not inspected.
npm-lock,@esbuild/win32-x64,0.27.3,MIT,transitive,node_modules/wrangler/node_modules/@esbuild/win32-x64,true,true,false,https://registry.npmjs.org/@esbuild/win32-x64/-/win32-x64-0.27.3.tgz,public_recorded,cutnote/package-lock.json#packages/node_modules/wrangler/node_modules/@esbuild/win32-x64,License and flags are package-lock declarations; distributed package license texts were not inspected.
npm-lock,esbuild,0.27.3,MIT,transitive,node_modules/wrangler/node_modules/esbuild,true,false,false,https://registry.npmjs.org/esbuild/-/esbuild-0.27.3.tgz,public_recorded,cutnote/package-lock.json#packages/node_modules/wrangler/node_modules/esbuild,License and flags are package-lock declarations; distributed package license texts were not inspected.
npm-lock,ws,8.18.0,MIT,transitive,node_modules/ws,true,false,false,https://registry.npmjs.org/ws/-/ws-8.18.0.tgz,public_recorded,cutnote/package-lock.json#packages/node_modules/ws,License and flags are package-lock declarations; distributed package license texts were not inspected.
npm-lock,yallist,3.1.1,ISC,transitive,node_modules/yallist,true,false,false,https://registry.npmjs.org/yallist/-/yallist-3.1.1.tgz,public_recorded,cutnote/package-lock.json#packages/node_modules/yallist,License and flags are package-lock declarations; distributed package license texts were not inspected.
npm-lock,yocto-queue,0.1.0,MIT,transitive,node_modules/yocto-queue,true,false,false,https://registry.npmjs.org/yocto-queue/-/yocto-queue-0.1.0.tgz,public_recorded,cutnote/package-lock.json#packages/node_modules/yocto-queue,License and flags are package-lock declarations; distributed package license texts were not inspected.
npm-lock,yoga-layout,3.2.1,MIT,transitive,node_modules/yoga-layout,true,false,false,https://registry.npmjs.org/yoga-layout/-/yoga-layout-3.2.1.tgz,public_recorded,cutnote/package-lock.json#packages/node_modules/yoga-layout,License and flags are package-lock declarations; distributed package license texts were not inspected.
npm-lock,youch,4.1.0-beta.10,MIT,transitive,node_modules/youch,true,false,false,https://registry.npmjs.org/youch/-/youch-4.1.0-beta.10.tgz,public_recorded,cutnote/package-lock.json#packages/node_modules/youch,License and flags are package-lock declarations; distributed package license texts were not inspected.
npm-lock,youch-core,0.3.3,MIT,transitive,node_modules/youch-core,true,false,false,https://registry.npmjs.org/youch-core/-/youch-core-0.3.3.tgz,public_recorded,cutnote/package-lock.json#packages/node_modules/youch-core,License and flags are package-lock declarations; distributed package license texts were not inspected.
npm-lock,zod,3.25.76,MIT,direct-runtime,node_modules/zod,false,false,false,https://registry.npmjs.org/zod/-/zod-3.25.76.tgz,public_recorded,cutnote/package-lock.json#packages/node_modules/zod,License and flags are package-lock declarations; distributed package license texts were not inspected.
npm-lock,zod-validation-error,4.0.2,MIT,transitive,node_modules/zod-validation-error,true,false,false,https://registry.npmjs.org/zod-validation-error/-/zod-validation-error-4.0.2.tgz,public_recorded,cutnote/package-lock.json#packages/node_modules/zod-validation-error,License and flags are package-lock declarations; distributed package license texts were not inspected.
vendored-source,shadcn-tailwind CSS,4.13.0,MIT,source-included,,,,,,not_recorded,cutnote/vendor/shadcn-tailwind-4.13.0.css | cutnote/vendor/shadcn-tailwind-4.13.0.LICENSE.md,Existing MIT notice is included unchanged; this row describes the vendored CSS separately from npm shadcn packages.
vendored-source,Sites Vite plugin,source-snapshot,MIT,source-included,,,,,,not_recorded,cutnote/build/sites-vite-plugin.ts | cutnote/build/sites-vite-plugin.LICENSE,"Existing MIT notice is included unchanged. cutnote/build is required source, not a generated build artifact."
runtime-external,@huggingface/transformers,3.8.1,UNVERIFIED,legacy-runtime-download,,,,,https://cdn.jsdelivr.net/npm/@huggingface/transformers@3.8.1/dist/transformers.min.js,public_recorded,cutnote/public/analysis-worker.js:34,CDN import is recorded in source but absent from package-lock. Package LICENSE and downloaded WASM dependencies were not fetched or inspected.
runtime-model,Xenova/mobileclip_s0,757d59c9c6870a76a4b0306f05f5061bca15c39f,UNVERIFIED,legacy-runtime-download,,,,,,not_recorded,cutnote/public/analysis-worker.js:2-3,"Model ID and revision are source-recorded. Model weights and model card are not included. Review the pinned model card, upstream model terms, tokenizer and processor rights before reuse; no model license is inferred from the JavaScript package."
reference-data,Cutnote taxonomy source_document,2.0.0,UNVERIFIED,source-included,,,,,,not_recorded,cutnote/data/taxonomy/taxonomy.v2.yaml:1-2,source_document names 분류 후보군_개정판.md. The provided source metadata does not establish ownership or redistribution permission; generated JSON does not resolve this gap.
font-derived-asset,AppleSDGothicNeo-Bold glyph outlines,font-version-unrecorded,UNVERIFIED,outlined-wordmark-included,,,,,,not_recorded,assets/logos/cutnote-lockup-dark.svg | assets/logos/cutnote-lockup-white.svg,Matched exactly to work/logo-outline.json path and work/logo-outline.swift CoreText generation during review. Those working files and the font binary are not required in this package. Font output/outline redistribution terms were not supplied or inspected; permission is unverified. Icon-only SVGs do not contain this outline.
